Date,HomeTeam,AwayTeam,FTHG,FTAG,FTR,HS,AS,HST,AST,Saison,force_dom,force_ext,promu_dom,promu_ext,score_attendu
2021-08-06,Monaco,Nantes,1,1,D,15,5,3,1,2122,1500.0,1500.0,,,0.5573116337622928
2021-08-07,Lyon,Brest,1,1,D,17,13,4,8,2122,1500.0,1500.0,,,0.5573116337622928
2021-08-07,Troyes,Paris SG,1,2,A,15,12,7,3,2122,1500.0,1500.0,,,0.5573116337622928
2021-08-08,Rennes,Lens,1,1,D,10,11,2,6,2122,1500.0,1500.0,,,0.5573116337622928
2021-08-08,Bordeaux,Clermont,0,2,A,10,19,6,10,2122,1500.0,1500.0,,,0.5573116337622928
2021-08-08,Nice,Reims,0,0,D,12,5,2,0,2122,1500.0,1500.0,,,0.5573116337622928
2021-08-08,St Etienne,Lorient,1,1,D,20,12,3,3,2122,1500.0,1500.0,,,0.5573116337622928
2021-08-08,Strasbourg,Angers,0,2,A,7,9,1,2,2122,1500.0,1500.0,,,0.5573116337622928
2021-08-08,Metz,Lille,3,3,D,12,18,5,7,2122,1500.0,1500.0,,,0.5573116337622928
2021-08-08,Montpellier,Marseille,2,3,A,8,21,1,7,2122,1500.0,1500.0,,,0.5573116337622928
2021-08-13,Lorient,Monaco,1,0,H,2,12,2,3,2122,1501.1462326752458,1498.8537673247542,,,0.560564903396708
2021-08-14,Lille,Nice,0,4,A,11,11,2,7,2122,1501.1462326752458,1498.8537673247542,,,0.560564903396708
2021-08-14,Paris SG,Strasbourg,4,2,H,11,8,6,2,2122,1511.1462326752458,1488.8537673247542,,,0.5886976790404368
2021-08-15,Angers,Lyon,3,0,H,13,8,6,3,2122,1511.1462326752458,1498.8537673247542,,,0.5746917544065294
2021-08-15,Brest,Rennes,1,1,D,10,6,5,2,2122,1501.1462326752458,1498.8537673247542,,,0.560564903396708
2021-08-15,Clermont,Troyes,2,0,H,18,6,8,1,2122,1511.1462326752458,1488.8537673247542,,,0.5886976790404368
2021-08-15,Nantes,Metz,2,0,H,11,10,7,5,2122,1501.1462326752458,1498.8537673247542,,,0.560564903396708
2021-08-15,Reims,Montpellier,3,3,D,19,15,9,5,2122,1501.1462326752458,1488.8537673247542,,,0.5746917544065294
2021-08-15,Lens,St Etienne,2,2,D,22,12,7,7,2122,1501.1462326752458,1498.8537673247542,,,0.560564903396708
2021-08-15,Marseille,Bordeaux,2,2,D,10,8,2,2,2122,1511.1462326752458,1488.8537673247542,,,0.5886976790404368
2021-08-20,Brest,Paris SG,2,4,A,11,16,3,8,2122,1499.9349346073116,1519.372279094437,,,0.5295575371510993
2021-08-21,Monaco,Lens,0,2,A,9,4,2,2,2122,1490.0650653926884,1499.9349346073116,,,0.5432523699111935
2021-08-21,St Etienne,Lille,1,1,D,10,8,2,6,2122,1500.0650653926884,1489.9349346073116,,,0.5716465552330893
2021-08-22,Lyon,Clermont,3,3,D,21,17,9,5,2122,1490.3476024128847,1519.372279094437,,,0.5157895081593182
2021-08-22,Bordeaux,Angers,1,1,D,14,6,5,3,2122,1490.627720905563,1519.6523975871153,,,0.5157895081593182
2021-08-22,Metz,Reims,1,1,D,10,12,4,3,2122,1490.0650653926884,1499.6523975871153,,,0.5436559022499454
2021-08-22,Montpellier,Lorient,3,1,H,32,5,11,4,2122,1490.3476024128847,1509.9349346073116,,,0.5293424363197528
2021-08-22,Strasbourg,Troyes,1,1,D,14,10,4,6,2122,1480.627720905563,1480.627720905563,,,0.5573116337622928
2021-08-22,Rennes,Nantes,1,0,H,14,4,5,1,2122,1500.0650653926884,1509.9349346073116,,,0.5432523699111935
2021-08-27,Nantes,Lyon,0,1,A,18,12,5,5,2122,1500.7999820055354,1490.0318122496983,,,0.5725456759432378
2021-08-28,Nice,Bordeaux,4,0,H,11,13,5,4,2122,1510.0650653926884,1490.3119307423765,,,0.585153757090177
2021-08-28,Marseille,St Etienne,3,1,H,19,11,5,7,2122,1509.372279094437,1498.6321342880267,,,0.5725061933681032
2021-08-29,Troyes,Monaco,1,2,A,12,7,3,4,2122,1481.7739535808087,1479.2000179944646,,,0.5609639890419048
2021-08-29,Angers,Rennes,2,0,H,16,7,4,2,2122,1519.9681877503017,1509.2000179944646,,,0.5725456759432378
2021-08-29,Clermont,Metz,2,2,D,16,12,4,4,2122,1519.6880692576235,1489.1919473476896,,,0.6000823628808396
2021-08-29,Lens,Lorient,2,2,D,19,15,9,7,2122,1510.7999820055354,1500.5217833337067,,,0.57185525399963
2021-08-29,Strasbourg,Brest,3,1,H,11,11,5,5,2122,1479.4814882303172,1489.3437838642897,,,0.5432631875895689
2021-08-29,Lille,Montpellier,2,1,H,15,6,4,3,2122,1491.3678657119733,1499.7607536864896,,,0.5453612229488157
2021-08-29,Reims,Paris SG,0,2,A,11,12,4,3,2122,1500.525515632114,1529.963429837459,,,0.5151953825746893
2021-09-10,Lorient,Lille,2,1,H,14,9,7,3,2122,1501.9588884136992,1500.460641252997,,,0.559438391754303
2021-09-11,Paris SG,Clermont,4,0,H,13,14,7,2,2122,1540.2673374889528,1517.6864220000068,,,0.5890996696199949
2021-09-11,Monaco,Marseille,0,2,A,7,13,0,5,2122,1490.4192977753028,1517.922155227075,,,0.5179770814861735
2021-09-12,Montpellier,St Etienne,2,0,H,11,14,4,2,2122,1490.667978145466,1490.0822581553887,,,0.558143316403377
2021-09-12,Bordeaux,Lens,2,3,A,11,12,3,5,2122,1482.01500588418,1509.3628769255429,,,0.518199832944072
2021-09-12,Brest,Angers,1,1,D,12,8,6,2,2122,1480.209047616081,1528.5172742314369,,,0.48804577929201987
2021-09-12,Metz,Troyes,0,2,A,16,10,2,5,2122,1491.1935946053063,1470.5546737999705,,,0.586390992310858
2021-09-12,Rennes,Reims,0,2,A,9,7,1,3,2122,1500.6509315133294,1490.2216079806203,,,0.5720682351515672
2021-09-12,Nantes,Nice,0,2,A,19,9,7,3,2122,1489.3490684866706,1518.361990250885,,,0.5158064079572517
2021-09-12,Lyon,Strasbourg,3,1,H,14,12,7,4,2122,1501.4827257685631,1488.6162244785257,,,0.5754992236304626
2021-09-17,Strasbourg,Metz,3,0,H,10,15,6,5,2122,1480.126208951135,1479.465774759089,,,0.5582493821490918
2021-09-18,Lens,Lille,1,0,H,13,6,4,2,2122,1519.7268735844243,1491.649409088083,,,0.5967364853947686
2021-09-18,St Etienne,Bordeaux,1,2,A,12,13,5,3,2122,1481.2451244834563,1471.6510092252986,,,0.5708908392673145
2021-09-19,Nice,Monaco,2,2,D,12,8,3,3,2122,1528.67811841003,1480.0597561455793,,,0.6248365504523962
2021-09-19,Angers,Nantes,1,4,A,10,8,5,4,2122,1528.2781898172773,1479.0329403275255,,,0.6256820940212835
2021-09-19,Clermont,Brest,1,1,D,7,5,4,1,2122,1509.4684153924068,1480.4481320302407,,,0.5980418338705857
2021-09-19,Reims,Lorient,0,0,D,10,6,2,3,2122,1501.6629726836516,1510.7701205786132,,,0.5443415917795755
2021-09-19,Troyes,Montpellier,1,1,D,8,6,3,2,2122,1482.2824936461877,1499.5051118173983,,,0.5327324070121323
2021-09-19,Marseille,Rennes,2,0,H,17,13,6,2,2122,1528.2816968567986,1489.2095668102982,,,0.6118691125642547
2021-09-19,Paris SG,Lyon,2,1,H,14,12,5,5,2122,1548.4853440965528,1509.972741295954,,,0.6111039216418616
2021-09-22,Lille,Reims,2,1,H,7,11,4,5,2122,1483.5841387959786,1500.77614084806,,,0.5327762780701623
2021-09-22,Monaco,St Etienne,3,1,H,14,9,6,3,2122,1482.5564871546271,1469.82730769811,,,0.5753060959968194
2021-09-22,Montpellier,Bordeaux,3,3,D,15,15,6,7,2122,1500.159759957641,1483.068826010645,,,0.5814288773932949
2021-09-22,Nantes,Brest,3,1,H,14,10,6,2,2122,1491.5465822079511,1482.4089687076523,,,0.5702469670678613
2021-09-22,Rennes,Clermont,6,0,H,21,4,10,1,2122,1481.4469490615832,1507.5075787149951,,,0.5200496098595594
2021-09-22,Angers,Marseille,0,0,D,9,6,1,1,2122,1515.7645479368516,1536.0443146055136,,,0.5283492600007716
2021-09-22,Lens,Strasbourg,0,1,A,17,6,4,1,2122,1527.7921438765288,1488.961221308153,,,0.6115393126065164
2021-09-22,Lorient,Nice,1,0,H,8,13,1,1,2122,1511.6569524142046,1526.1813874009822,,,0.536596721309652
2021-09-22,Lyon,Troyes,3,1,H,15,12,8,7,2122,1502.1948197287911,1481.627845505945,,,0.5862905402899136
2021-09-22,Metz,Paris SG,1,2,A,6,15,2,5,2122,1470.630762402071,1556.2632656637156,,,0.43470457592049827
2021-09-25,St Etienne,Nice,0,3,A,11,14,6,9,2122,1461.3334296180462,1516.9133218271752,,,0.4775937493255592
2021-09-25,Strasbourg,Lille,1,2,A,10,16,3,7,2122,1501.1920075602834,1492.9286132345753,,,0.5690132641325943
2021-09-25,Lyon,Lorient,1,1,D,12,12,2,5,2122,1510.4690089229928,1520.9250179880116,,,0.542415037598248
2021-09-25,Paris SG,Montpellier,2,0,H,16,10,5,4,2122,1564.9573571821256,1498.531182409775,,,0.6485424008330107
2021-09-26,Bordeaux,Rennes,1,1,D,10,18,3,8,2122,1484.6974035585108,1491.0459568643919,,,0.5482774520492776
2021-09-26,Brest,Metz,1,2,A,11,6,2,4,2122,1473.8139080490096,1461.936670883661,,,0.5741074238109826
2021-09-26,Reims,Nantes,3,1,H,9,11,5,2,2122,1491.4316664094633,1500.1416428665939,,,0.54490861441886
2021-09-26,Troyes,Angers,1,1,D,6,17,3,6,2122,1473.3536563117434,1515.1975627368363,,,0.4973464302591042
2021-09-26,Clermont,Monaco,1,3,A,12,6,4,3,2122,1497.9085709121864,1491.0503652346908,,,0.5670284640709236
2021-09-26,Marseille,Lens,2,3,A,14,14,4,5,2122,1536.611299805529,1515.5613576243984,,,0.5869647234475194
2021-10-01,Lens,Reims,2,0,H,13,3,7,0,2122,1527.3006520933488,1500.533494121086,,,0.5949200704561234
2021-10-02,Montpellier,Strasbourg,1,1,D,12,6,4,3,2122,1491.5020304264353,1489.8117422776315,,,0.5597108374588047
2021-10-02,Nice,Brest,2,1,H,20,6,9,2,2122,1526.4651968136864,1462.33175957279,,,0.6455282339648953
2021-10-03,Rennes,Paris SG,2,0,H,12,13,4,0,2122,1492.0115059053774,1571.9865091654653,,,0.4427238670971878
2021-10-03,Angers,Metz,3,2,H,18,2,5,2,2122,1515.1444913420185,1473.4188193598807,,,0.6154904456164555
2021-10-03,Lorient,Clermont,1,1,D,6,8,1,4,2122,1521.7733187399765,1486.5680016307679,,,0.6065699113406806
2021-10-03,Monaco,Bordeaux,3,0,H,12,4,4,1,2122,1502.3909345161094,1483.7318545175253,,,0.5836241376064197
2021-10-03,Nantes,Troyes,2,0,H,8,15,4,4,2122,1491.0398151549712,1473.4067277065612,,,0.5821882118703727
2021-10-03,Lille,Marseille,2,0,H,12,10,5,3,2122,1504.3088785172272,1524.8720053365785,,,0.5279427641821528
2021-10-03,St Etienne,Lyon,1,1,D,18,15,6,5,2122,1451.781554631535,1509.620708171028,,,0.4743499310952608
2021-10-15,Paris SG,Angers,2,1,H,13,7,2,2,2122,1560.840986507409,1522.8346824296893,,,0.6104110520393843
2021-10-16,Clermont,Lille,1,0,H,9,9,3,2,2122,1488.6993998575815,1513.7500232335842,,,0.5215006153256492
2021-10-16,Lyon,Monaco,2,0,H,14,9,8,3,2122,1509.1077067929332,1510.718451763981,,,0.5550228411991842
2021-10-17,Troyes,Nice,1,0,H,8,11,3,3,2122,1465.0504919439686,1533.5546321343884,,,0.45907103200035443
2021-10-17,Bordeaux,Nantes,1,1,D,8,13,1,7,2122,1475.4043372696538,1499.3960509175638,,,0.5230214870493662
2021-10-17,Brest,Reims,1,1,D,9,13,4,2,2122,1455.2423242520879,1492.4318955302085,,,0.504044443837028
2021-10-17,Metz,Rennes,0,3,A,9,21,2,8,2122,1465.7286282722098,1503.1570285634336,,,0.5037007618903254
2021-10-17,Strasbourg,St Etienne,5,1,H,12,4,6,2,2122,1491.0059590268077,1452.2945560096298,,,0.6113758571518089
2021-10-17,Montpellier,Lens,1,0,H,15,19,6,5,2122,1490.3078136772592,1535.4022506842264,,,0.4926690411909069
2021-10-17,Marseille,Lorient,4,1,H,16,15,6,7,2122,1515.4308606202214,1519.6419205131629,,,0.5513230267499108
2021-10-22,St Etienne,Angers,2,2,D,17,4,6,2,2122,1444.522073152666,1515.042903470477,,,0.4561896302244409
2021-10-23,Nantes,Clermont,2,1,H,8,4,4,1,2122,1499.8564806585512,1498.2693875510686,,,0.5595644406430574
2021-10-23,Lille,Brest,1,1,D,13,13,3,5,2122,1504.1800355400972,1455.1614353753473,,,0.6253764783535908
2021-10-24,Nice,Lyon,3,2,H,17,13,7,8,2122,1522.7360527743954,1518.0072499689495,,,0.5640166422850186
2021-10-24,Lens,Metz,4,1,H,11,9,5,4,2122,1525.2556315080444,1455.6546130344034,,,0.6526967204367973
2021-10-24,Lorient,Bordeaux,1,1,D,14,11,4,5,2122,1510.668381048161,1474.9439075286664,,,0.6072828689937533
2021-10-24,Reims,Troyes,1,2,A,18,7,5,4,2122,1492.512784406949,1475.8690713039616,,,0.5808022138842223
2021-10-24,Rennes,Strasbourg,1,0,H,17,8,3,2,2122,1513.23104380124,1498.7784418837714,,,0.5777282098322601
2021-10-24,Monaco,Montpellier,3,1,H,14,12,4,3,2122,1501.8189085879646,1500.4544328534412,,,0.5592485910467482
2021-10-24,Marseille,Paris SG,0,0,D,15,10,1,4,2122,1524.4044000852232,1568.6327654666213,,,0.4939151934779218
2021-10-27,Nice,Marseille,1,1,D,11,7,3,1,2122,1531.455719928695,1524.5260962156647,,,0.5671293930384514
2021-10-29,Paris SG,Lille,2,1,H,17,11,6,3,2122,1568.5110693361798,1501.6725059730254,,,0.6490833050060234
2021-10-30,Metz,St Etienne,1,1,D,9,10,4,3,2122,1448.7085474431394,1445.3982805481771,,,0.5620076302791984
2021-10-30,Lyon,Lens,2,1,H,13,18,4,10,2122,1509.2875828146498,1532.2016970993084,,,0.5245687636652554
2021-10-31,Angers,Nice,1,2,A,3,14,2,5,2122,1514.166696074966,1530.113132067926,,,0.5345606620538473
2021-10-31,Bordeaux,Reims,3,2,H,17,12,7,8,2122,1477.0895649085414,1480.8967401292646,,,0.5518980706067403
2021-10-31,Montpellier,Nantes,2,0,H,19,12,10,1,2122,1491.6394046743762,1508.66519184569,,,0.5330144451387862
2021-10-31,Strasbourg,Lorient,4,0,H,15,5,6,0,2122,1490.3330060804167,1508.522723668286,,,0.5313463547016551
2021-10-31,Troyes,Rennes,2,2,D,14,13,5,5,2122,1487.4851155816461,1521.6764796045948,,,0.5083585203790276
2021-10-31,Brest,Monaco,2,0,H,7,5,3,2,2122,1457.668964942419,1510.6339367670296,,,0.4813505613473813
2021-10-31,Clermont,Marseille,0,1,A,12,9,1,4,2122,1489.4606763639297,1525.8686840764337,,,0.5051691082668822
2021-11-05,Lens,Troyes,4,0,H,28,14,12,6,2122,1522.6930723726134,1487.3179451740657,,,0.6068031617143892
2021-11-06,Lille,Angers,1,1,D,11,9,6,5,2122,1494.654172073146,1503.4754828338891,,,0.5447496794475467
2021-11-06,Bordeaux,Paris SG,2,3,A,18,9,6,5,2122,1486.0516034964066,1575.5294032360594,,,0.42927319508840184
2021-11-07,Marseille,Metz,0,0,D,15,12,3,4,2122,1535.9720662417715,1447.4683948375555,,,0.6769360672929431
2021-11-07,Lorient,Brest,1,2,A,9,16,3,5,2122,1499.1496507623192,1468.0419537154714,,,0.6009269286938195
2021-11-07,Nantes,Strasbourg,2,2,D,20,17,6,6,2122,1499.3254807484657,1499.7060789863835,,,0.5567710374858534
2021-11-07,Reims,Monaco,0,0,D,11,12,4,3,2122,1471.9347015413994,1500.2609479939772,,,0.5167935626220067
2021-11-07,St Etienne,Clermont,3,2,H,18,9,4,4,2122,1446.638433153761,1479.357294198592,,,0.5104768675362698
2021-11-07,Nice,Montpellier,0,1,A,22,8,6,2,2122,1540.8043453090029,1500.9791157716006,,,0.6128981555975237
2021-11-07,Rennes,Lyon,4,1,H,25,6,12,4,2122,1521.8436500121752,1518.7962075413448,,,0.5616351778274907
2021-11-19,Monaco,Lille,2,2,D,17,15,8,8,2122,1500.5968192464172,1493.759178484195,,,0.5669994004129366
2021-11-20,Paris SG,Nantes,3,1,H,14,12,7,6,2122,1584.1148671378273,1498.1900599987487,,,0.6736810406286974
2021-11-20,Rennes,Montpellier,2,0,H,30,4,7,2,2122,1530.6109464556255,1513.237078883551,,,0.581825199622837
2021-11-21,Brest,Lens,4,0,H,13,14,5,5,2122,1480.0604922893478,1530.5570091383256,,,0.4848988921109834
2021-11-21,Angers,Lorient,1,0,H,8,10,4,3,2122,1504.37047642284,1487.1311121884428,,,0.5816368058091016
2021-11-21,Metz,Bordeaux,3,3,D,20,19,9,5,2122,1451.0071161834144,1477.4661395946387,,,0.5194771709765315
2021-11-21,Strasbourg,Reims,1,1,D,21,10,3,3,2122,1500.8414997361006,1471.5988302889593,,,0.598349529383957
2021-11-21,Troyes,St Etienne,0,1,A,15,14,3,4,2122,1479.4540084083535,1456.4288958030356,,,0.5897184799174028
2021-11-21,Clermont,Nice,1,2,A,18,9,6,4,2122,1469.5668315493174,1528.5463821970525,,,0.47271336823617305
2021-11-26,Lens,Angers,2,2,D,9,12,4,5,2122,1520.2549869805453,1512.737740306658,,,0.5679596178116583
2021-11-27,Lille,Nantes,1,1,D,10,7,3,3,2122,1495.0991664924538,1491.6636808113226,,,0.5621850551566453
2021-11-27,Nice,Metz,0,1,A,20,4,2,1,2122,1538.0006495617758,1450.6175727638838,,,0.6755237417487827
2021-11-28,St Etienne,Paris SG,1,3,A,8,15,4,8,2122,1468.2232654013837,1590.6412463252534,,,0.38356683231564775
2021-11-28,Bordeaux,Brest,1,2,A,16,14,4,4,2122,1477.8556830141692,1490.3625144471282,,,0.5394834715708702
2021-11-28,Lorient,Rennes,0,2,A,6,11,0,5,2122,1478.7638483046248,1538.9744424631688,,,0.4709473793785382
2021-11-28,Monaco,Strasbourg,1,1,D,8,7,3,4,2122,1499.2568312381584,1498.8745091484213,,,0.5578545419058094
2021-11-28,Reims,Clermont,1,0,H,12,4,3,0,2122,1473.5658208766386,1460.112564184594,,,0.5763241684077471
2021-11-28,Montpellier,Lyon,0,1,A,15,11,6,3,2122,1504.8735828760077,1510.0289110978945,,,0.5499780612687037
2021-11-28,Marseille,Troyes,1,0,H,14,5,4,2,2122,1532.4333448959126,1467.6596388100054,,,0.6463711447029278
2021-12-01,Angers,Monaco,1,3,A,9,14,3,8,2122,1514.096932662891,1498.0997404000423,,,0.5798958228760283
2021-12-01,Brest,St Etienne,1,0,H,8,13,3,3,2122,1501.1521838785457,1460.5519287550708,,,0.6139561073937343
2021-12-01,Metz,Montpellier,1,3,A,20,10,7,7,2122,1464.1280475988594,1493.8740216506337,,,0.5147524464612883
2021-12-01,Strasbourg,Bordeaux,5,2,H,19,13,6,2,2122,1500.0315999865375,1467.0660135827518,,,0.6034889160006045
2021-12-01,Troyes,Lorient,2,0,H,10,9,3,3,2122,1460.587061704064,1469.344900717054,,,0.5448402894813764
2021-12-01,Clermont,Lens,2,2,D,19,9,7,2,2122,1451.639047552749,1518.8957946243122,,,0.4608546627806519
2021-12-01,Lyon,Reims,1,2,A,14,8,6,4,2122,1521.0284723232685,1482.0393375084836,,,0.611755645771673
2021-12-01,Nantes,Marseille,0,1,A,3,15,1,5,2122,1492.9073819144555,1539.505922001854,,,0.4905050790556404
2021-12-01,Paris SG,Nice,0,0,D,22,4,5,2,2122,1598.3125829715664,1524.4901747268002,,,0.6581845634063719
2021-12-01,Rennes,Lille,1,2,A,10,6,2,2,2122,1548.3933900507395,1493.855465389321,,,0.6327898415406054
2021-12-04,Marseille,Brest,1,2,A,16,9,4,4,2122,1549.3160235829669,1508.873061730671,,,0.6137414802550598
2021-12-04,Lille,Troyes,2,1,H,13,7,4,3,2122,1506.511262220133,1469.6902559144364,,,0.60878723238411
2021-12-04,Lens,Paris SG,1,1,D,18,13,7,6,2122,1518.1128878799252,1595.148891703439,,,0.44690187493594125
2021-12-05,St Etienne,Rennes,0,5,A,12,18,2,10,2122,1452.8310509029454,1535.7375932199275,,,0.4385645225335221
2021-12-05,Lorient,Nantes,0,1,A,17,5,2,1,2122,1460.2417065066816,1483.0972803333427,,,0.524652806046981
2021-12-05,Monaco,Metz,4,0,H,8,6,5,0,2122,1509.6976568575628,1453.8329986696338,,,0.6345626885511232
2021-12-05,Montpellier,Clermont,1,0,H,8,10,2,3,2122,1504.1690705798594,1452.421954297136,,,0.6290489250982332
2021-12-05,Reims,Angers,1,2,A,5,13,2,4,2122,1494.2744504239172,1502.4990162053705,,,0.5456014537480537
2021-12-05,Nice,Strasbourg,0,3,A,12,15,5,5,2122,1527.6538659949276,1507.9618216665253,,,0.5850683884682273
2021-12-05,Bordeaux,Lyon,2,2,D,12,19,5,5,2122,1459.135791902764,1508.793359407835,,,0.4861052215922849
2021-12-10,Nantes,Lens,3,2,H,15,4,5,2,2122,1493.5903364542824,1519.1748503812064,,,0.5207336557090234
2021-12-11,Brest,Montpellier,0,4,A,17,9,6,4,2122,1521.147891335772,1511.5880920778948,,,0.5708424466289247
2021-12-11,Reims,St Etienne,2,0,H,17,4,6,0,2122,1483.362421348956,1444.059760452275,,,0.6121842187674238
2021-12-12,Lille,Lyon,0,0,D,14,13,2,2,2122,1514.3355175724507,1508.5154638396807,,,0.5655607091941228
2021-12-12,Angers,Clermont,0,1,A,12,17,3,3,2122,1513.4110452803316,1445.0029327991006,,,0.6511384739906273
2021-12-12,Metz,Lorient,4,1,H,5,17,3,6,2122,1446.5242524406563,1449.748650385742,,,0.5527275736481704
2021-12-12,Rennes,Nice,1,2,A,20,7,8,3,2122,1544.508883670598,1515.952498225563,,,0.5973997319027269
2021-12-12,Troyes,Bordeaux,1,2,A,21,8,3,4,2122,1461.8660005621186,1459.4136874709181,,,0.5607915549032856
2021-12-12,Strasbourg,Marseille,0,2,A,11,8,3,3,2122,1519.66318943589,1537.0411939778658,,,0.532509739895334
2021-12-12,Paris SG,Monaco,2,0,H,9,13,2,3,2122,1594.0869292021578,1517.0064030865403,,,0.6623914674734195
2021-12-22,Bordeaux,Lille,2,3,A,12,12,3,3,2122,1470.629518568984,1513.0243033885683,,,0.49655368218636925
2021-12-22,Lorient,Paris SG,1,1,D,17,17,5,4,2122,1440.8032018587053,1600.8390998526893,,,0.33381461952050434
2021-12-22,Lyon,Metz,1,1,D,18,6,6,2,2122,1509.826678023563,1455.469700967693,,,0.6325477705438856
2021-12-22,Marseille,Reims,1,1,D,14,7,5,2,2122,1547.6913887757723,1491.1187369736076,,,0.6355072576816572
2021-12-22,Monaco,Rennes,2,1,H,11,16,3,6,2122,1510.2542324360088,1532.5608890325434,,,0.525440778988246
2021-12-22,Montpellier,Angers,4,1,H,9,13,6,6,2122,1523.0049410104732,1500.388275800519,,,0.589149482959643
2021-12-22,Nice,Lens,2,1,H,9,8,3,4,2122,1527.9004928636175,1509.5895234953869,,,0.5831370978536301
2021-12-22,St Etienne,Nantes,0,1,A,13,8,6,3,2122,1436.3034448276235,1503.175663340102,,,0.4614046993858331
2021-12-22,Troyes,Brest,1,1,D,15,8,4,2,2122,1450.6501694640529,1509.7310424031937,,,0.47256799032612484
2022-01-07,Bordeaux,Marseille,0,1,A,6,18,2,6,2122,1460.6984449252566,1544.9812436221391,,,0.43661479109089274
2022-01-08,Lens,Rennes,1,0,H,11,5,4,0,2122,1501.2522654524594,1523.0697046123082,,,0.5261429459891679
2022-01-09,Brest,Nice,0,3,A,26,9,10,4,2122,1509.1824022097162,1536.237750906545,,,0.5186202356917058
2022-01-09,Clermont,Reims,0,0,D,12,7,7,2,2122,1458.025702278913,1493.8288821272408,,,0.5060394159605301
2022-01-09,Metz,Strasbourg,0,2,A,7,19,1,7,2122,1458.1206563785706,1509.0129946379834,,,0.4843297987434229
2022-01-09,Nantes,Monaco,0,0,D,8,9,4,1,2122,1512.4037573278185,1519.745416856244,,,0.5468611944589181
2022-01-09,Lyon,Paris SG,1,1,D,11,15,4,3,2122,1507.1757226126854,1597.5153922430993,,,0.4280581114011612
2022-01-14,Nice,Nantes,2,1,H,13,11,5,3,2122,1546.6101556203791,1511.4665334386402,,,0.6064851554245775
2022-01-15,St Etienne,Lens,1,2,A,13,14,4,4,2122,1427.0753508399068,1510.729406532676,,,0.4375052869778409
2022-01-15,Paris SG,Brest,2,0,H,20,6,9,3,2122,1596.0765544711226,1498.809997495882,,,0.6878677929903881
2022-01-16,Rennes,Bordeaux,6,0,H,19,5,11,1,2122,1513.5925635320916,1451.9661491034387,,,0.6422190844765255
2022-01-16,Lorient,Angers,0,0,D,14,5,4,0,2122,1444.1269094682953,1492.171265459712,,,0.48842530939904155
2022-01-16,Monaco,Clermont,4,0,H,20,6,10,1,2122,1520.6826407454223,1457.9049139597025,,,0.6437404672683277
2022-01-16,Reims,Metz,0,1,A,14,17,2,5,2122,1493.9496704464514,1448.4340604037022,,,0.6206404334282491
2022-01-16,Strasbourg,Montpellier,3,1,H,19,9,8,5,2122,1518.6995906128518,1531.2219513512803,,,0.5394612623855284
2022-01-16,Troyes,Lyon,0,1,A,6,19,2,8,2122,1451.1988096575303,1508.6145603846621,,,0.47495769085247047
2022-01-16,Marseille,Lille,1,1,D,22,5,7,4,2122,1553.713539443957,1522.9553770322957,,,0.6004443056447639
2022-01-19,Clermont,Strasbourg,0,2,A,7,15,1,5,2122,1450.7797233050692,1527.9103653651412,,,0.44676721942682074
2022-01-19,Lille,Lorient,3,1,H,13,18,5,5,2122,1524.964263145191,1444.3584032803144,,,0.6669146109854075
2022-01-19,Montpellier,Troyes,0,1,A,11,13,2,5,2122,1522.011176598991,1441.699655840481,,,0.6665381220508839
2022-01-21,Lyon,St Etienne,1,0,H,11,4,4,1,2122,1518.1137142017114,1418.32524510035,,,0.6909762062052279
2022-01-22,Brest,Lille,2,0,H,9,17,3,5,2122,1492.5673533556899,1531.6259709254828,,,0.5013547549038258
2022-01-22,Lens,Marseille,0,2,A,9,10,3,7,2122,1519.4795122722328,1551.7046533310618,,,0.5111870541262796
2022-01-23,Metz,Nice,0,2,A,8,7,1,6,2122,1460.8468690722673,1554.4804525118875,,,0.42342238764487705
2022-01-23,Angers,Troyes,2,1,H,10,11,3,6,2122,1491.9397716476929,1455.0304182814987,,,0.6089083486076764
2022-01-23,Bordeaux,Strasbourg,4,3,H,13,18,6,6,2122,1444.8105307929693,1536.8457097536775,,,0.4256702878350755
2022-01-23,Clermont,Rennes,2,1,H,12,13,4,4,2122,1441.8443789165328,1520.748181842561,,,0.4442457520095238
2022-01-23,Nantes,Lorient,4,2,H,12,15,8,6,2122,1503.5962365471319,1437.6966955000225,,,0.6478510938277464
2022-01-23,Montpellier,Monaco,3,2,H,15,17,7,7,2122,1508.6804141579732,1527.8078314000556,,,0.5300019760935388
2022-01-23,Paris SG,Reims,4,0,H,22,7,8,3,2122,1602.3191986113147,1481.5368617778863,,,0.7161690707400838
2022-01-26,Angers,St Etienne,0,1,A,7,8,4,5,2122,1499.7616046755393,1412.1447692244546,,,0.6758186210626155
2022-02-01,Lyon,Marseille,2,1,H,12,9,4,1,2122,1524.2941900776068,1561.9283944135873,,,0.5034046010233142
2022-02-04,Marseille,Angers,5,2,H,18,4,8,2,2122,1551.9964864340536,1486.245232254287,,,0.6476563271232129
2022-02-05,St Etienne,Montpellier,3,1,H,27,3,8,2,2122,1425.661141645707,1518.0803746361025,,,0.4251298931017991
2022-02-05,Monaco,Lyon,2,0,H,10,19,6,5,2122,1518.4078709219264,1534.2260980571405,,,0.5347442832083251
2022-02-06,Lorient,Lens,2,0,H,8,8,3,0,2122,1430.6537173765776,1509.2557711897073,,,0.4446746457681662
2022-02-06,Nice,Clermont,0,1,A,7,14,3,5,2122,1562.9489002647852,1452.9594638763424,,,0.7033723164495962
2022-02-06,Reims,Bordeaux,5,0,H,16,6,7,0,2122,1475.860243192688,1456.2971250362677,,,0.584888208153361
2022-02-06,Strasbourg,Nantes,1,0,H,13,10,3,2,2122,1525.359115510379,1510.6392146705768,,,0.5781035426373081
2022-02-06,Troyes,Metz,0,0,D,9,6,2,0,2122,1447.2085852536522,1452.3784213193696,,,0.5499573913183344
2022-02-06,Rennes,Brest,2,0,H,19,5,8,1,2122,1509.6330968827515,1502.5402582576135,,,0.5673600297111019
2022-02-06,Lille,Paris SG,1,5,A,10,18,5,7,2122,1521.6530660235592,1607.9958171965131,,,0.4337001479104119
2022-02-11,Paris SG,Rennes,1,0,H,12,13,1,1,2122,1616.6698201547215,1518.2858962885296,,,0.6892471258512428
2022-02-12,Montpellier,Lille,0,1,A,16,16,5,7,2122,1506.5829724981386,1512.9790630653508,,,0.5482096773272394
2022-02-12,Lyon,Nice,2,0,H,12,1,8,1,2122,1524.920983721307,1548.8814539357932,,,0.5230663544591314
2022-02-13,Monaco,Lorient,0,0,D,15,5,4,1,2122,1527.7129852577598,1441.7602244612142,,,0.6737164141936919
2022-02-13,Angers,Strasbourg,0,1,A,9,8,2,2,2122,1479.1983587967513,1533.7970446576328,,,0.4790031577310173
2022-02-13,Brest,Troyes,5,1,H,12,5,5,2,2122,1493.8874588518354,1446.2094374272856,,,0.6235667939293237
2022-02-13,Clermont,St Etienne,1,2,A,9,6,3,3,2122,1467.0269102053344,1437.158543783671,,,0.5992148333648445
2022-02-13,Nantes,Reims,1,0,H,11,7,3,4,2122,1502.2012855233231,1484.1624790296207,,,0.5827562031083078
2022-02-13,Lens,Bordeaux,3,2,H,9,10,7,4,2122,1498.1492641050706,1447.994889199335,,,0.6269069563476891
2022-02-13,Metz,Marseille,1,2,A,11,13,4,5,2122,1453.3775691457363,1559.0433598915893,,,0.40660871721082453
2022-02-18,Lille,Metz,0,0,D,13,7,1,0,2122,1523.9432566118955,1445.2453948015198,,,0.6644703252214055
2022-02-19,Lens,Lyon,1,1,D,12,10,6,2,2122,1505.6111249781168,1534.4596566321245,,,0.5160427443629432
2022-02-19,Nantes,Paris SG,3,1,H,13,16,7,9,2122,1510.546161461157,1622.8848776376967,,,0.39737489695897255
2022-02-20,Nice,Angers,1,0,H,9,11,5,2,2122,1539.3427810249757,1469.618295642131,,,0.6528578144646847
2022-02-20,Lorient,Montpellier,0,1,A,16,6,3,5,2122,1445.234552745088,1495.6187789515939,,,0.48506034549942223
2022-02-20,Reims,Brest,1,1,D,8,15,2,4,2122,1475.8176030917869,1501.416122973249,,,0.5207135341458963
2022-02-20,Rennes,Troyes,4,1,H,17,4,8,1,2122,1512.0708388055543,1438.680773305872,,,0.6576244267151711
2022-02-20,St Etienne,Strasbourg,2,2,D,9,8,4,4,2122,1449.1428404509677,1543.3771078122531,,,0.4225784353814751
2022-02-20,Bordeaux,Monaco,1,1,D,11,13,3,4,2122,1440.5330283262888,1524.238656973886,,,0.43743222836842416
2022-02-20,Marseille,Clermont,0,2,A,18,4,4,3,2122,1567.1755342358058,1455.0426135380376,,,0.7059402218052313
2022-02-25,Montpellier,Rennes,2,4,A,12,11,5,9,2122,1505.3199858615824,1518.9183502712508,,,0.5379220425324901
2022-02-26,Strasbourg,Nice,0,0,D,17,3,6,0,2122,1541.8286765198827,1546.285624735682,,,0.5509728679917958
2022-02-26,Paris SG,St Etienne,3,1,H,21,13,8,6,2122,1610.832375576876,1450.6912717433381,,,0.7598951582395463
2022-02-27,Monaco,Reims,1,2,A,18,12,5,7,2122,1522.9873015412545,1475.403332408869,,,0.623439699933785
2022-02-27,Angers,Lens,1,2,A,13,8,4,2,2122,1462.6754519314247,1505.2902700908578,,,0.4962370452243903
2022-02-27,Brest,Lorient,0,1,A,4,17,0,8,2122,1501.830393656167,1435.5333458350995,,,0.6483729546296568
2022-02-27,Clermont,Bordeaux,1,1,D,9,10,3,3,2122,1469.1614179741423,1441.7843837589203,,,0.5957658391671958
2022-02-27,Metz,Nantes,0,0,D,8,12,0,3,2122,1448.534801305948,1522.5986635219776,,,0.45113463520232827
2022-02-27,Troyes,Marseille,1,1,D,9,8,3,3,2122,1431.8332618401755,1553.056729799701,,,0.3851939528959346
2022-02-27,Lyon,Lille,0,1,A,20,6,8,2,2122,1534.7805115193835,1520.6538501074674,,,0.5772704128875717
2022-03-04,Lorient,Lyon,1,4,A,15,15,6,7,2122,1448.5008049276926,1523.235103261632,,,0.4501791968661556
2022-03-05,Lens,Brest,0,1,A,20,5,6,3,2122,1515.2150109953457,1488.8629345635738,,,0.5943441178243081
2022-03-05,Nice,Paris SG,1,0,H,11,8,6,2,2122,1547.305082095518,1615.6344724120852,,,0.45932084241570414
2022-03-06,St Etienne,Metz,1,0,H,13,5,5,2,2122,1445.889174908129,1449.5121086019012,,,0.5521603444418857
2022-03-06,Bordeaux,Troyes,0,2,A,10,10,3,2,2122,1443.6997005422643,1434.129382782257,,,0.5708572800304618
2022-03-06,Nantes,Montpellier,2,0,H,16,6,5,1,2122,1521.6213562260243,1494.5615450109326,,,0.5953259889522096
2022-03-06,Reims,Strasbourg,1,1,D,8,17,1,6,2122,1487.8721264075446,1540.8092191600467,,,0.48139062686023365
2022-03-06,Rennes,Angers,2,0,H,15,7,4,2,2122,1529.6767911219006,1452.7507110269369,,,0.6621926185510054
2022-03-06,Lille,Clermont,4,0,H,15,9,8,1,2122,1532.1992583652188,1467.2461011907983,,,0.6466072282655274
2022-03-06,Marseille,Monaco,0,1,A,13,5,2,3,2122,1550.7606088576197,1510.5185075425788,,,0.6134673411842327
2022-03-11,Lille,St Etienne,0,0,D,10,11,2,3,2122,1539.2671137999082,1454.8459680192914,,,0.6717753471909441
2022-03-12,Montpellier,Nice,0,0,D,24,8,7,0,2122,1486.4680647899768,1558.1186652472038,,,0.4545767079809716
2022-03-12,Troyes,Nantes,1,0,H,11,6,2,1,2122,1445.5465283828662,1529.7148364469801,,,0.43677691522335715
2022-03-13,Paris SG,Bordeaux,3,0,H,12,15,5,5,2122,1604.8208892603993,1432.282554941655,,,0.7726734528872903
2022-03-13,Angers,Reims,0,1,A,20,10,7,3,2122,1445.9945633979569,1488.24431387034,,,0.4967623940624011
2022-03-13,Clermont,Lorient,0,2,A,10,9,1,6,2122,1460.178245756109,1439.4972209903694,,,0.5864497746452748
2022-03-13,Metz,Lens,0,0,D,6,11,3,0,2122,1440.5553154907388,1503.3281286388594,,,0.4672741396760094
2022-03-13,Strasbourg,Monaco,1,0,H,11,5,3,0,2122,1540.4370316972513,1522.7878543662634,,,0.5822107412567062
2022-03-13,Lyon,Rennes,2,4,A,11,10,2,7,2122,1532.2386871989552,1536.4329387508806,,,0.5513469609162125
2022-03-13,Brest,Marseille,1,4,A,8,13,2,7,2122,1500.74981692006,1538.491262033935,,,0.5032502759741576
2022-03-18,St Etienne,Troyes,1,1,D,10,8,3,4,2122,1458.2814749631102,1456.810990078399,,,0.5593990028586423
2022-03-19,Lens,Clermont,3,1,H,20,10,7,3,2122,1502.6736114323796,1448.4492502632033,,,0.6323703150730651
2022-03-19,Nantes,Lille,0,1,A,11,12,3,4,2122,1518.4503747514473,1535.8316068560894,,,0.5325051146926857
2022-03-20,Monaco,Paris SG,3,0,H,13,13,8,6,2122,1514.4320691913977,1609.3674202026534,,,0.42159399459028346
2022-03-20,Angers,Brest,1,0,H,9,16,3,2,2122,1436.059315516709,1490.684811400577,,,0.4789646431708134
2022-03-20,Bordeaux,Montpellier,0,2,A,32,7,10,2,2122,1427.736023999401,1487.3765306303574,,,0.471765108585935
2022-03-20,Lorient,Strasbourg,0,0,D,9,13,2,4,2122,1451.226216483275,1548.792816872117,,,0.41790488832158834
2022-03-20,Rennes,Metz,6,1,H,21,2,8,1,2122,1547.4598779692049,1441.2098326972186,,,0.6988616356675061
2022-03-20,Reims,Lyon,0,0,D,5,10,2,2,2122,1498.179561751588,1521.211747980631,,,0.524399251923533
2022-03-20,Marseille,Nice,2,1,H,13,9,6,3,2122,1548.5562675534181,1557.2101994068232,,,0.5449886172751677
2022-04-02,Nice,Rennes,1,1,D,10,13,3,4,2122,1548.1099717523266,1553.4826452558548,,,0.5496683820473288
2022-04-02,Lille,Bordeaux,0,0,D,22,2,6,0,2122,1546.481709149943,1418.3007218276823,,,0.7247461286569243
2022-04-03,Strasbourg,Lens,1,0,H,13,13,3,2,2122,1547.1509146385488,1510.0262051309182,,,0.6092035271240905
2022-04-03,Clermont,Nantes,2,3,A,12,9,4,4,2122,1441.0966565646647,1507.8002724575936,,,0.46164590134047
2022-04-03,Metz,Monaco,1,2,A,17,14,4,4,2122,1435.1870654105687,1526.000189299592,,,0.42739099295788613
2022-04-03,Montpellier,Brest,1,2,A,9,12,3,6,2122,1496.811832802076,1480.2641042639932,,,0.5806676824660861
2022-04-03,St Etienne,Marseille,2,4,A,5,15,2,9,2122,1457.0934949059374,1557.6564952079148,,,0.41371500831890673
2022-04-03,Troyes,Reims,1,0,H,19,10,5,4,2122,1457.9989701355719,1497.6915767131172,,,0.5004423745797153
2022-04-03,Lyon,Angers,3,2,H,15,7,5,4,2122,1521.6997330191016,1446.4800226532927,,,0.6599918657576138
2022-04-03,Paris SG,Lorient,5,1,H,15,11,7,4,2122,1597.799300094459,1452.8681187168434,,,0.7435589914532209
2022-04-08,Lorient,St Etienne,6,2,H,18,13,12,4,2122,1447.7392985459078,1448.8191947395592,,,0.5557774150310073
2022-04-09,Reims,Rennes,2,3,A,15,14,7,8,2122,1487.7004242047115,1554.4760128968014,,,0.4615429352575203
2022-04-09,Clermont,Paris SG,1,6,A,10,17,4,10,2122,1431.8637385378554,1602.9281202653947,,,0.3198486941191398
2022-04-10,Bordeaux,Metz,3,1,H,12,9,7,2,2122,1422.7956444008207,1426.639245551411,,,0.5518462136819619
2022-04-10,Angers,Lille,1,1,D,13,17,3,3,2122,1439.679859968445,1541.9867865768047,,,0.411282164602431
2022-04-10,Brest,Nantes,1,1,D,12,12,6,5,2122,1491.8774579133149,1517.033190484403,,,0.5213496287786522
2022-04-10,Monaco,Troyes,2,1,H,11,8,3,1,2122,1534.5480091587497,1467.9901226439777,,,0.6487152003703793
2022-04-10,Lens,Nice,3,0,H,6,16,3,6,2122,1502.2102756734,1547.11660411138,,,0.49293969510971775
2022-04-10,Strasbourg,Lyon,1,1,D,15,13,4,3,2122,1554.966844096067,1528.4998957039493,,,0.5945035361956401
2022-04-10,Marseille,Montpellier,2,0,H,11,6,5,2,2122,1565.930795374293,1485.1984791527543,,,0.6670762958594947
2022-04-15,Rennes,Monaco,2,3,A,13,12,4,4,2122,1563.706871601952,1541.573705151342,,,0.5884756257298882
2022-04-16,St Etienne,Brest,2,1,H,11,7,4,3,2122,1439.9347430401792,1491.450465337742,,,0.48343360952567566
2022-04-16,Lille,Lens,1,2,A,17,11,5,7,2122,1540.2124298688532,1512.3514817712057,,,0.5964365205739042
2022-04-17,Nice,Lorient,2,1,H,15,6,2,1,2122,1536.9753980135742,1456.6237502452877,,,0.6665894609996926
2022-04-17,Metz,Clermont,1,1,D,4,26,2,4,2122,1417.6761698250502,1425.4667646554726,,,0.546220722422733
2022-04-17,Montpellier,Reims,0,0,D,14,15,3,9,2122,1478.5400050699443,1478.469565499561,,,0.5574116702684834
2022-04-17,Nantes,Angers,1,1,D,24,10,7,3,2122,1517.4601830599759,1441.4542166763965,,,0.6610067872664256
2022-04-17,Troyes,Strasbourg,1,1,D,11,12,3,4,2122,1460.9644266513853,1553.076773372154,,,0.4255616923257288
2022-04-17,Lyon,Bordeaux,6,1,H,15,17,9,5,2122,1530.3899664278622,1431.7587201271815,,,0.6895519801039646
2022-04-17,Paris SG,Marseille,2,1,H,7,3,3,1,2122,1609.3250941477775,1572.589269457103,,,0.6086704430232805
2022-04-20,Bordeaux,St Etienne,2,2,D,11,9,7,2,2122,1425.5497597292608,1450.2660708496658,,,0.5219808196874001
2022-04-20,Lorient,Metz,1,0,H,15,20,5,5,2122,1449.9555394652816,1416.7517553765956,,,0.6038169781854088
2022-04-20,Monaco,Nice,1,0,H,17,15,7,2,2122,1553.3432176659398,1543.6436087935804,,,0.5710395985309251
2022-04-20,Reims,Lille,2,1,H,10,20,4,5,2122,1479.6177989049306,1528.2836994573752,,,0.4875313521920666
2022-04-20,Troyes,Clermont,0,1,A,16,3,3,1,2122,1462.4531928048707,1426.3911791039272,,,0.6077461680286796
2022-04-20,Angers,Paris SG,0,3,A,8,15,1,8,2122,1444.674352421725,1617.151685287312,,,0.3180818644980732
2022-04-20,Brest,Lyon,2,1,H,9,18,3,5,2122,1481.1191375282554,1536.5989268257829,,,0.4777375215529791
2022-04-20,Lens,Montpellier,2,0,H,12,9,5,4,2122,1524.2802121826837,1477.3917716645747,,,0.6224992973863981
2022-04-20,Marseille,Nantes,3,2,H,19,4,5,3,2122,1564.7626783175685,1514.2400473146474,,,0.627402644914137
2022-04-20,Strasbourg,Rennes,2,1,H,13,10,5,3,2122,1551.5880072186687,1551.937359087354,,,0.5568154244649862
2022-04-23,Lyon,Montpellier,5,2,H,27,11,13,7,2122,1526.1536772568425,1469.8417576123027,,,0.6351595230453477
2022-04-23,St Etienne,Monaco,1,4,A,8,12,4,6,2122,1450.7056872434139,1561.9224256953214,,,0.39892255148303607
2022-04-23,Paris SG,Lens,1,1,D,18,8,7,3,2122,1623.5133225772734,1531.8302262349557,,,0.6809256199763624
2022-04-24,Rennes,Lorient,5,0,H,10,12,7,2,2122,1543.0736675766539,1457.8791999015734,,,0.6727561429502552
2022-04-24,Clermont,Angers,2,2,D,12,9,6,5,2122,1438.5461024645008,1438.3127151317635,,,0.5576430667199584
2022-04-24,Metz,Brest,0,1,A,10,16,0,3,2122,1408.8280949403038,1491.5643870971958,,,0.43880584774202414
2022-04-24,Nantes,Bordeaux,5,3,H,15,20,6,7,2122,1506.7881002129302,1425.1101433355127,,,0.6682841268878844
2022-04-24,Nice,Troyes,1,0,H,18,9,3,3,2122,1535.0644007641988,1450.2982694442971,,,0.6722130744379519
2022-04-24,Lille,Strasbourg,1,0,H,11,11,3,3,2122,1518.0343265012166,1560.451698729369,,,0.49652117785137306
2022-04-24,Reims,Marseille,0,1,A,10,14,3,3,2122,1489.8671718610892,1572.2146254192858,,,0.4393571248004867
2022-04-29,Strasbourg,Paris SG,3,3,D,14,14,2,6,2122,1550.3821222863965,1619.8948101777462,,,0.4576296872676471
2022-04-30,Lens,Nantes,2,2,D,20,13,5,5,2122,1535.4487386344829,1513.4224176751725,,,0.5883266691952006
2022-04-30,Rennes,St Etienne,2,0,H,13,8,3,3,2122,1549.6185447176488,1442.7272362137533,,,0.6996379366608467
2022-05-01,Troyes,Lille,3,0,H,9,10,5,1,2122,1443.7425309330563,1528.103902944189,,,0.4365035354099031
2022-05-01,Brest,Clermont,2,0,H,8,16,4,7,2122,1500.3405040520363,1437.3932411301016,,,0.6439642539982687
2022-05-01,Lorient,Reims,1,2,A,20,12,8,2,2122,1451.3343227605785,1481.0800293650796,,,0.5147528310137853
2022-05-01,Monaco,Angers,2,0,H,15,11,7,5,2122,1569.900876724982,1439.4655764661627,,,0.727327309226067
2022-05-01,Montpellier,Metz,2,2,D,18,17,6,5,2122,1462.5449480732095,1400.0519779854633,,,0.6433644487853872
2022-05-01,Bordeaux,Nice,0,1,A,5,14,1,3,2122,1418.4758258732704,1541.6201392754397,,,0.3825787202511351
2022-05-01,Marseille,Lyon,0,3,A,9,12,2,5,2122,1581.0017679152954,1533.4504867959356,,,0.6233955242488756
2022-05-06,Lille,Monaco,1,2,A,15,9,5,3,2122,1516.8339736523872,1575.3543305404608,,,0.47337228019956246
2022-05-07,Brest,Strasbourg,0,1,A,7,14,2,5,2122,1507.4612189720708,1551.2295285410435,,,0.4945771792405213
2022-05-08,Metz,Lyon,3,2,H,15,17,8,5,2122,1402.919266961171,1545.918397280913,,,0.3559672938899535
2022-05-08,Angers,Bordeaux,4,1,H,13,7,8,3,2122,1434.012122650684,1410.8242514682477,,,0.5899451476700831
2022-05-08,Clermont,Montpellier,2,1,H,12,10,4,2,2122,1430.272526210067,1459.6776590975019,,,0.5152425149763299
2022-05-08,Reims,Lens,1,2,A,7,21,2,5,2122,1491.3750859853553,1533.6822052505788,,,0.4966798372835419
2022-05-08,Lorient,Marseille,0,3,A,7,9,0,6,2122,1441.0392661403027,1568.533857430318,,,0.3766810931649634
2022-05-08,Paris SG,Troyes,2,2,D,17,9,7,3,2122,1619.0474039230992,1455.0124602248582,,,0.7639609737430058
2022-05-11,Nice,St Etienne,4,2,H,14,12,7,6,2122,1549.2717136804624,1436.7199949469702,,,0.706440426899775
2022-05-11,Nantes,Rennes,2,1,H,9,17,3,5,2122,1515.1889510590765,1555.6257859844318,,,0.49937134433925273
2022-05-14,Bordeaux,Lorient,0,0,D,14,13,1,2,2122,1402.6231544216494,1433.5056442770035,,,0.5131181406720489
2022-05-14,Lyon,Nantes,3,2,H,17,17,6,6,2122,1533.0377431587121,1525.2015241722916,,,0.5684101192402761
2022-05-14,Metz,Angers,1,0,H,7,11,2,4,2122,1415.7999210833718,1442.2132196972823,,,0.5195428740596693
2022-05-14,Monaco,Brest,4,2,H,25,10,9,5,2122,1584.821776144452,1497.5696753872603,,,0.6753584586089362
2022-05-14,Montpellier,Paris SG,0,4,A,10,15,3,9,2122,1449.9825093970285,1613.768184448239,,,0.3290317373055858
2022-05-14,Nice,Lille,1,3,A,16,9,6,5,2122,1555.1429051424668,1507.3665280483958,,,0.623699684941381
2022-05-14,Rennes,Marseille,2,0,H,12,8,4,0,2122,1545.6132128712168,1576.0674792936172,,,0.5137339593047628
2022-05-14,St Etienne,Reims,1,2,A,16,17,7,7,2122,1430.8488034849659,1481.4414892396844,,,0.4847606213331587
2022-05-14,Strasbourg,Clermont,1,0,H,11,11,6,3,2122,1561.121072125854,1439.9676759105405,,,0.7166030547684414
2022-05-14,Troyes,Lens,1,3,A,6,15,2,9,2122,1460.2916796997183,1543.6158019962497,,,0.4379727369578291
2022-05-21,Angers,Montpellier,2,0,H,19,14,3,1,2122,1432.6040771784756,1443.4018746509169,,,0.541926663531129
2022-05-21,Brest,Bordeaux,2,4,A,11,15,7,7,2122,1491.076844559439,1402.3607916082083,,,0.6772033769310891
2022-05-21,Clermont,Lyon,1,2,A,18,21,3,5,2122,1434.2997370059093,1541.6695407739066,,,0.40424418460523265
2022-05-21,Lens,Monaco,2,2,D,28,12,10,5,2122,1552.3752567354063,1591.3146069722734,,,0.5015263929666561
2022-05-21,Lille,Rennes,2,2,D,13,13,4,3,2122,1519.8405217472234,1555.3385336851215,,,0.5064785190405029
2022-05-21,Lorient,Troyes,1,1,D,17,8,6,3,2122,1433.7680070904446,1451.5322249605617,,,0.5319562441477034
2022-05-21,Marseille,Strasbourg,4,0,H,17,10,11,4,2122,1566.3421584797125,1566.7890110304852,,,0.5566769170311232
2022-05-21,Nantes,St Etienne,1,1,D,12,13,5,3,2122,1516.569726557097,1421.1535910583027,,,0.6855762091073602
2022-05-21,Paris SG,Metz,5,0,H,27,4,12,1,2122,1620.3488191943507,1425.4090636021785,,,0.7945253049059064
2022-05-21,Reims,Nice,2,3,A,5,17,4,6,2122,1491.1367016663476,1542.6689114436392,,,0.4834099082197889
2022-08-05,Lyon,Ajaccio,2,1,H,11,8,6,4,2223,1549.7544244660112,1400.0,0.0,1.0,0.7488172637041794
2022-08-06,Strasbourg,Monaco,1,2,A,11,24,7,11,2223,1557.9225493711076,1591.3451348316066,0.0,0.0,0.5094645297654401
2022-08-06,Clermont,Paris SG,0,5,A,7,18,1,12,2223,1426.2148533138047,1624.4583130962326,0.0,0.0,0.2868110861741588
2022-08-07,Toulouse,Nice,1,1,D,6,11,4,4,2223,1400.0,1552.337109608035,1.0,0.0,0.34374160373827495
2022-08-07,Angers,Nantes,0,0,D,16,14,6,4,2223,1441.765543907853,1512.8582023749498,0.0,0.0,0.4553731397845558
2022-08-07,Lens,Brest,3,2,H,17,6,7,4,2223,1552.344728876073,1477.5327770208173,0.0,0.0,0.659464939855248
2022-08-07,Lille,Auxerre,4,1,H,16,10,7,2,2223,1519.7109513664134,1400.0,0.0,1.0,0.714913749903664
2022-08-07,Montpellier,Troyes,3,2,H,17,15,6,10,2223,1434.2404079215394,1452.1713498435158,0.0,0.0,0.5317172817281272
2022-08-07,Rennes,Lorient,0,1,A,21,8,6,2,2223,1555.4681040659316,1433.1288822074905,0.0,0.0,0.7179872807975182
2022-08-07,Marseille,Reims,4,1,H,16,16,6,6,2223,1575.20862013909,1481.4685035019518,0.0,0.0,0.6834927708620515
2022-08-12,Nantes,Lille,1,1,D,10,16,1,5,2223,1511.965665170641,1525.41267636834,0.0,0.0,0.5381385972034145
2022-08-13,Monaco,Rennes,1,1,D,12,24,4,8,2223,1601.5344254269155,1541.1083584499813,0.0,0.0,0.6406298487801223
2022-08-13,Paris SG,Montpellier,5,2,H,20,7,10,4,2223,1630.1945348197157,1443.6060622869768,0.0,0.0,0.7865658512703596
2022-08-14,Ajaccio,Lens,0,0,D,9,12,2,3,2223,1394.9763452740835,1559.155430078968,1.0,0.0,0.32853196488689657
2022-08-14,Auxerre,Angers,2,2,D,11,11,4,2,2223,1394.2982749980733,1442.6580811121619,1.0,0.0,0.4879715931205539
2022-08-14,Reims,Clermont,2,4,A,9,10,6,5,2223,1475.1383589191928,1420.4786315903216,0.0,0.0,0.6329527509731857
2022-08-14,Troyes,Toulouse,0,3,A,12,10,2,4,2223,1442.8056954780784,1403.1251679252346,0.0,1.0,0.6127005111773183
2022-08-14,Nice,Strasbourg,1,1,D,13,9,3,5,2223,1549.2119416828004,1547.7332587757987,0.0,0.0,0.5594106342250869
2022-08-14,Brest,Marseille,1,1,D,17,5,5,2,2223,1470.7220758179224,1581.538764721849,0.0,0.0,0.3994748697582607
2022-08-19,Lyon,Troyes,4,1,H,16,4,8,1,2223,1554.7780791919276,1430.551685254532,0.0,0.0,0.7201817078713871
2022-08-20,Monaco,Lens,1,4,A,12,14,5,6,2223,1598.721828451313,1555.726069376706,0.0,0.0,0.6172192631787867
2022-08-20,Marseille,Nantes,2,1,H,16,12,5,3,2223,1579.5282621170143,1511.2028932265725,0.0,0.0,0.6510302688853146
2022-08-21,Strasbourg,Reims,1,1,D,12,12,3,6,2223,1548.9214714603004,1462.479303899729,0.0,0.0,0.6743354064837567
2022-08-21,Angers,Brest,1,3,A,7,11,5,7,2223,1442.417512974573,1472.7325784227571,0.0,0.0,0.5139341322527271
2022-08-21,Clermont,Nice,1,0,H,7,13,2,4,2223,1433.1376866097853,1548.0237289982988,0.0,0.0,0.39386877449692453
2022-08-21,Montpellier,Auxerre,1,2,A,13,7,7,2,2223,1439.337379312384,1394.5388431356623,0.0,1.0,0.6196680749499122
2022-08-21,Toulouse,Lorient,2,2,D,16,14,8,4,2223,1415.379178148781,1447.4886278234408,1.0,0.0,0.5113534628190396
2022-08-21,Rennes,Ajaccio,2,1,H,16,10,7,3,2223,1543.9209554255838,1398.4057059763456,0.0,1.0,0.7441995608235015
2022-08-21,Lille,Paris SG,1,7,A,16,16,10,9,2223,1526.1754483124084,1634.4632177943085,0.0,0.0,0.4029722244022361
2022-08-26,Ajaccio,Lille,1,3,A,13,7,2,4,2223,1393.2896971928158,1518.1160038243638,1.0,0.0,0.3802942501347716
2022-08-27,Auxerre,Strasbourg,1,0,H,7,14,3,4,2223,1406.9322046346606,1545.4347633306252,1.0,0.0,0.36192327146654335
2022-08-27,Lens,Rennes,2,1,H,17,12,4,6,2223,1568.0704546402817,1549.0369642091136,0.0,0.0,0.5841477910861423
2022-08-28,Nantes,Toulouse,3,1,H,16,9,8,3,2223,1504.2234986042788,1415.1521088924,0.0,1.0,0.6776503551843535
2022-08-28,Brest,Montpellier,0,7,A,6,14,0,8,2223,1483.0112610678116,1426.9440178133857,0.0,0.0,0.6348330733990178
2022-08-28,Lorient,Clermont,2,1,H,22,9,9,2,2223,1447.7156970798217,1445.2603111198468,0.0,0.0,0.5607959117410821
2022-08-28,Nice,Marseille,0,3,A,16,13,2,4,2223,1535.9011044882373,1586.507656739308,0.0,0.0,0.4847406844027983
2022-08-28,Troyes,Angers,3,1,H,25,7,11,3,2223,1424.9553194119596,1432.1388303295184,0.0,0.0,0.547086779804652
2022-08-28,Reims,Lyon,1,1,D,8,18,5,5,2223,1465.9660120294043,1560.3744450345,0.0,0.0,0.42233381943155196
2022-08-28,Paris SG,Monaco,1,1,D,18,4,5,3,2223,1642.5226622823532,1586.3774431877373,0.0,0.0,0.6349371230074842
2022-08-31,Angers,Reims,2,4,A,10,11,3,5,2223,1423.0805659256114,1467.5193356407733,0.0,0.0,0.49361244441358015
2022-08-31,Lyon,Auxerre,2,1,H,20,6,8,2,2223,1558.821121423131,1419.6937392053296,0.0,1.0,0.7371368683088749
2022-08-31,Monaco,Troyes,2,4,A,8,19,6,11,2223,1589.076185647887,1434.0135838158667,0.0,0.0,0.7545207945894153
2022-08-31,Montpellier,Ajaccio,2,0,H,9,15,4,0,2223,1439.6406792813661,1385.6838121901203,0.0,1.0,0.6320122678087485
2022-08-31,Strasbourg,Nantes,1,1,D,5,12,2,3,2223,1532.6732287599561,1510.6704915005917,0.0,0.0,0.5882937882635753
2022-08-31,Lens,Lorient,5,2,H,15,10,8,3,2223,1576.387498818559,1456.499778845,0.0,0.0,0.7151210959490024
2022-08-31,Lille,Nice,1,2,A,18,3,6,2,2223,1525.7218888270593,1526.2062908001813,0.0,0.0,0.5566235727539612
2022-08-31,Marseille,Clermont,1,0,H,21,3,7,0,2223,1596.202470427364,1436.4762293546685,0.0,0.0,0.7594591605630001
2022-08-31,Rennes,Brest,3,1,H,16,7,9,2,2223,1540.7199200308364,1470.3145995998311,0.0,0.0,0.6537455077746189
2022-08-31,Toulouse,Paris SG,0,3,A,14,20,7,13,2223,1408.7051159960872,1639.8239198222034,1.0,0.0,0.24970836668407542
2022-09-03,Auxerre,Marseille,0,2,A,8,15,2,7,2223,1414.4364765715072,1601.013287216104,1.0,0.0,0.30074264573378506
2022-09-03,Lyon,Angers,5,0,H,16,8,9,3,2223,1564.0783840569534,1413.2083170373398,0.0,0.0,0.7500232753171082
2022-09-03,Nantes,Paris SG,0,3,A,10,19,1,7,2223,1512.436367265863,1644.818087155885,0.0,0.0,0.37009904640470187
2022-09-04,Montpellier,Lille,1,3,A,4,26,2,7,2223,1447.0004339251911,1514.58941737198,0.0,0.0,0.4603795025638478
2022-09-04,Ajaccio,Lorient,0,1,A,16,7,3,4,2223,1378.3240575462953,1450.8022007639802,1.0,0.0,0.4533958648289727
2022-09-04,Brest,Strasbourg,1,1,D,11,10,2,3,2223,1463.3895097553236,1530.9073529946847,0.0,0.0,0.46048124034983867
2022-09-04,Clermont,Toulouse,2,0,H,12,14,3,4,2223,1431.6654125659286,1403.7109486624056,0.0,1.0,0.5965660875276422
2022-09-04,Reims,Lens,1,1,D,17,20,4,4,2223,1477.3915845290448,1582.0850768995788,0.0,0.0,0.40795985313160754
2022-09-04,Troyes,Rennes,1,1,D,9,19,1,6,2223,1449.103999707655,1547.645009875344,0.0,0.0,0.4165410350284144
2022-09-04,Nice,Monaco,0,1,A,12,14,5,2,2223,1537.3387622552605,1573.9857697560988,0.0,0.0,0.5048251942924465
2022-09-07,Lorient,Lyon,3,1,H,11,15,6,7,2223,1459.8701180605597,1569.0779185506112,0.0,0.0,0.4016987105229886
2022-09-09,Lens,Troyes,1,0,H,12,7,3,2,2223,1580.2442739622109,1450.7731790070868,0.0,0.0,0.7262251509734096
2022-09-10,Paris SG,Brest,1,0,H,13,6,4,3,2223,1652.220068083979,1464.1798849483268,0.0,0.0,0.7879654174372658
2022-09-10,Marseille,Lille,2,1,H,14,7,7,3,2223,1607.0281401307795,1523.7970074232571,0.0,0.0,0.6702631364190159
2022-09-11,Strasbourg,Clermont,0,0,D,12,10,4,4,2223,1530.1169778016815,1439.7340908153758,0.0,0.0,0.6792972725784443
2022-09-11,Ajaccio,Nice,0,1,A,9,12,3,3,2223,1369.2561402497158,1527.2422583694115,1.0,0.0,0.33644374169868957
2022-09-11,Angers,Montpellier,2,1,H,11,7,5,2,2223,1408.208782543682,1437.792843873914,0.0,0.0,0.5149852515350344
2022-09-11,Lorient,Nantes,3,2,H,13,9,5,4,2223,1471.8361438501,1505.034386337769,0.0,0.0,0.5097872655843567
2022-09-11,Toulouse,Reims,1,0,H,14,11,3,1,2223,1395.6422704129584,1479.2323874664128,1.0,0.0,0.4375958666662273
2022-09-11,Rennes,Auxerre,5,0,H,12,7,9,3,2223,1545.9758305759121,1408.4216236568316,0.0,1.0,0.7353783726518108
2022-09-11,Monaco,Lyon,2,1,H,11,20,4,6,2223,1584.0822736419477,1557.111892761071,0.0,0.0,0.5952019603038664
2022-09-16,Auxerre,Lorient,1,3,A,17,12,5,8,2223,1403.1291911098679,1481.6403985384127,1.0,0.0,0.4448037872517724
2022-09-17,Montpellier,Strasbourg,2,1,H,10,8,4,2,2223,1428.0925489046147,1526.5310323501126,0.0,0.0,0.4166844789861959
2022-09-17,Lille,Toulouse,2,1,H,10,14,4,5,2223,1517.2022701516375,1406.8903530796338,0.0,1.0,0.7037594780725466
2022-09-18,Reims,Monaco,0,3,A,9,20,2,11,2223,1467.9843047997374,1592.1782344358703,0.0,0.0,0.38115252393299204
2022-09-18,Brest,Ajaccio,0,1,A,8,6,4,4,2223,1459.939193297072,1362.527265415742,0.0,1.0,0.6880474352285375
2022-09-18,Clermont,Troyes,1,3,A,14,9,2,4,2223,1443.3200362669447,1445.297682026555,0.0,0.0,0.5545011623504132
2022-09-18,Marseille,Rennes,1,1,D,15,12,4,4,2223,1613.6228774023991,1551.2682631228759,0.0,0.0,0.6431816874369426
2022-09-18,Nice,Angers,0,1,A,18,16,5,3,2223,1533.9711332033853,1417.9090775129814,0.0,0.0,0.7106134775792919
2022-09-18,Nantes,Lens,0,0,D,12,8,4,2,2223,1495.2301316494563,1585.7197709427426,0.0,0.0,0.4278467689452568
2022-09-18,Lyon,Paris SG,0,1,A,12,15,3,8,2223,1549.0159319671484,1656.4607597352338,0.0,0.0,0.4041401806110749
2022-09-30,Angers,Marseille,0,3,A,16,15,5,7,2223,1432.1213470645673,1610.7592436536602,0.0,0.0,0.3104398248965557
2022-10-01,Strasbourg,Rennes,1,3,A,9,17,3,7,2223,1514.8647219298366,1554.1318968716148,0.0,0.0,0.50105461847031
2022-10-01,Paris SG,Nice,2,1,H,12,4,4,1,2223,1664.5435633474553,1519.7588636517994,0.0,0.0,0.7433981747713437
2022-10-02,Lorient,Lille,2,1,H,7,20,4,4,2223,1490.5364742834481,1523.1270805901866,0.0,0.0,0.5106613584672577
2022-10-02,Ajaccio,Clermont,1,3,A,12,7,3,3,2223,1376.2882141203127,1432.2300130199365,1.0,0.0,0.47707399408234813
2022-10-02,Auxerre,Brest,1,1,D,11,9,3,2,2223,1394.2331153648324,1446.1782445925014,1.0,0.0,0.48281634726094247
2022-10-02,Toulouse,Montpellier,4,2,H,12,23,6,6,2223,1400.9655426410848,1439.7588593248906,1.0,0.0,0.5017365499025125
2022-10-02,Troyes,Reims,2,2,D,19,5,6,2,2223,1456.3877052735634,1460.3612543210775,0.0,0.0,0.5516612072134947
2022-10-02,Monaco,Nantes,4,1,H,10,7,6,2,2223,1599.8012849145302,1496.6731962705512,0.0,0.0,0.6950660133346749
2022-10-02,Lens,Lyon,1,0,H,21,4,6,0,2223,1584.2767063216477,1540.9331283549268,0.0,0.0,0.6176921926188421
2022-10-07,Lyon,Toulouse,1,1,D,19,5,8,2,2223,1533.2869722073037,1410.9308116430345,0.0,1.0,0.7180070237517473
2022-10-08,Marseille,Ajaccio,1,2,A,10,6,2,1,2223,1616.9680401515914,1366.7467342386658,0.0,1.0,0.8416622148005299
2022-10-08,Reims,Paris SG,0,0,D,24,11,4,3,2223,1461.3944784653474,1669.6755998520284,0.0,0.0,0.2751388970860944
2022-10-09,Montpellier,Monaco,0,2,A,11,11,1,7,2223,1429.7935903229409,1605.8999646478367,0.0,0.0,0.31356792535915146
2022-10-09,Angers,Strasbourg,2,3,A,14,15,8,7,2223,1425.9125505666361,1504.8436295604304,0.0,0.0,0.4442069870147279
2022-10-09,Brest,Lorient,1,2,A,12,14,4,5,2223,1445.8345715377202,1500.323247114103,0.0,0.0,0.47916119816473984
2022-10-09,Clermont,Auxerre,2,1,H,10,14,6,5,2223,1441.7714929015833,1394.5767884196136,0.0,1.0,0.6229135014270659
2022-10-09,Nice,Troyes,3,2,H,14,17,6,6,2223,1514.6268271472263,1455.3544811292934,0.0,0.0,0.6390994314933134
2022-10-09,Rennes,Nantes,3,0,H,14,8,4,3,2223,1564.152989241021,1490.5745165372448,0.0,0.0,0.6578685783466542
2022-10-09,Lille,Lens,1,0,H,12,10,6,3,2223,1513.3403077595317,1591.9228624692707,0.0,0.0,0.4447023638329862
2022-10-14,Strasbourg,Lille,0,3,A,12,10,1,7,2223,1513.727769300725,1524.446260482872,0.0,0.0,0.5420399897882064
2022-10-15,Lorient,Reims,0,0,D,10,7,3,2,2223,1509.9064710773978,1465.8917005236256,0.0,0.0,0.6186041827682243
2022-10-15,Lens,Montpellier,1,0,H,17,8,5,1,2223,1580.8169097459304,1423.5222318157578,0.0,0.0,0.7568928602367477
2022-10-16,Toulouse,Angers,3,2,H,14,13,7,6,2223,1415.2909521180695,1417.0284108263415,1.0,0.0,0.5548426865875442
2022-10-16,Auxerre,Nice,1,1,D,11,9,3,2,2223,1387.035058448155,1521.8448385173601,1.0,0.0,0.3668465972569825
2022-10-16,Nantes,Brest,4,1,H,17,11,6,2,2223,1483.7318881041779,1436.2513475744254,0.0,0.0,0.6232999160037638
2022-10-16,Rennes,Lyon,3,2,H,14,7,5,5,2223,1570.995617674088,1528.9268317322687,0.0,0.0,0.6159577752716128
2022-10-16,Troyes,Ajaccio,1,1,D,9,15,2,7,2223,1448.1364697591596,1383.5799785346765,0.0,1.0,0.6460852840876157
2022-10-16,Monaco,Clermont,1,1,D,6,21,4,7,2223,1612.1713231550198,1449.313222873042,0.0,0.0,0.7627371890958381
2022-10-16,Paris SG,Marseille,1,0,H,23,18,8,7,2223,1665.1783777937503,1600.1347958555807,0.0,0.0,0.6467261628464684
2022-10-21,Ajaccio,Paris SG,0,3,A,8,11,1,6,2223,1386.5016842164287,1672.243854536821,1.0,0.0,0.19550864137047683
2022-10-22,Montpellier,Lyon,1,2,A,10,21,4,10,2223,1418.6600890204927,1521.245987237701,0.0,0.0,0.41089338738168396
2022-10-22,Marseille,Lens,0,1,A,13,12,3,4,2223,1593.0693191125101,1585.6790525411955,0.0,0.0,0.5677802457805879
2022-10-23,Angers,Rennes,1,2,A,7,14,2,5,2223,1408.1252645580923,1578.6764621686557,0.0,0.0,0.3204916925225151
2022-10-23,Clermont,Brest,1,3,A,14,19,4,11,2223,1454.5679666549586,1428.7173458945006,0.0,0.0,0.5936479691836832
2022-10-23,Reims,Auxerre,2,1,H,19,10,10,2,2223,1468.2637841789901,1389.6981265030154,0.0,1.0,0.664300633129994
2022-10-23,Toulouse,Strasbourg,2,2,D,17,11,6,5,2223,1424.1940983863187,1502.886969504961,1.0,0.0,0.4445455530905269
2022-10-23,Troyes,Lorient,2,2,D,13,21,4,5,2223,1445.2147640774074,1507.5343874220332,0.0,0.0,0.46792359336216965
2022-10-23,Nice,Nantes,1,1,D,11,11,5,4,2223,1519.1817704624998,1491.2658897841027,0.0,0.0,0.596512631768556
2022-10-23,Lille,Monaco,4,3,H,20,9,7,6,2223,1535.287060278636,1606.916579373103,0.0,0.0,0.454606796279667
2022-10-28,Lens,Toulouse,3,0,H,13,9,8,0,2223,1597.0346574568073,1425.3031873245081,0.0,1.0,0.7718565849005904
2022-10-29,Paris SG,Troyes,4,3,H,19,16,11,5,2223,1676.1540273642304,1445.856292210164,0.0,0.0,0.8257727077106235
2022-10-29,Strasbourg,Marseille,2,2,D,12,13,5,5,2223,1501.7778805667715,1581.7137141968983,0.0,0.0,0.44277949774941494
2022-10-30,Auxerre,Ajaccio,1,0,H,18,5,5,1,2223,1382.9841391656153,1382.5915113890192,1.0,1.0,0.5578691743639471
2022-10-30,Brest,Reims,0,0,D,12,11,4,3,2223,1440.5903052781741,1474.9777715163902,0.0,0.0,0.5080763828406836
2022-10-30,Monaco,Angers,2,0,H,8,8,5,4,2223,1596.0087152986964,1401.715430707642,0.0,0.0,0.7939171046639605
2022-10-30,Nantes,Clermont,1,1,D,13,10,4,6,2223,1493.1961424194737,1442.695007271285,0.0,0.0,0.627373717915519
2022-10-30,Rennes,Montpellier,3,0,H,14,8,3,3,2223,1585.086296019106,1410.4422212728591,0.0,0.0,0.7747955648681197
2022-10-30,Lorient,Nice,1,2,A,14,16,8,5,2223,1506.8928592892767,1517.2515178271287,0.0,0.0,0.5425541247891498
2022-10-30,Lyon,Lille,1,0,H,6,15,3,5,2223,1529.4638549853346,1546.1949243530428,0.0,0.0,0.5334367052587556
2022-11-04,Troyes,Auxerre,1,1,D,21,13,6,2,2223,1442.3717463643763,1391.8267556783362,0.0,1.0,0.627432733399937
2022-11-05,Ajaccio,Strasbourg,4,2,H,12,9,7,5,2223,1373.7488948762982,1502.9222906117832,1.0,0.0,0.3744147832866624
2022-11-05,Angers,Lens,1,2,A,6,12,3,4,2223,1397.5937728009212,1601.5975257587954,0.0,0.0,0.2800766379853371
2022-11-06,Lorient,Paris SG,1,2,A,9,15,2,8,2223,1496.0417767934937,1679.638573210018,0.0,0.0,0.30436242780411193
2022-11-06,Clermont,Montpellier,1,1,D,16,7,7,3,2223,1445.2424816295954,1405.9381325702216,0.0,0.0,0.612186525924323
2022-11-06,Nice,Brest,1,0,H,14,12,9,2,2223,1528.1026003229117,1440.4287776213605,0.0,0.0,0.6758904875748089
2022-11-06,Reims,Nantes,1,0,H,22,15,9,5,2223,1475.1392991732039,1490.6486680611633,0.0,0.0,0.5351865922601212
2022-11-06,Toulouse,Monaco,0,2,A,13,24,5,10,2223,1420.74031902252,1600.1303732054173,1.0,0.0,0.3095137264335494
2022-11-06,Lille,Rennes,1,1,D,19,3,7,2,2223,1536.863658458218,1589.5903847217435,0.0,0.0,0.4816929559814251
2022-11-06,Marseille,Lyon,1,0,H,6,11,2,4,2223,1580.5693041518866,1538.7951208801594,0.0,0.0,0.6155565321480454
2022-11-11,Lyon,Nice,1,1,D,9,13,3,3,2223,1531.1062515231204,1534.5847905714156,0.0,0.0,0.552365874664358
2022-11-12,Lens,Clermont,2,1,H,16,5,3,2,2223,1607.1990585185022,1442.998751111109,0.0,0.0,0.764132583409539
2022-11-12,Rennes,Toulouse,2,1,H,16,10,8,4,2223,1589.224243841372,1414.550044493849,0.0,1.0,0.7748258214855567
2022-11-13,Paris SG,Auxerre,5,0,H,9,9,6,3,2223,1685.7258217661001,1394.375410346335,0.0,1.0,0.8707274780605506
2022-11-13,Brest,Troyes,2,1,H,15,8,5,2,2223,1433.9465873728566,1439.8230916963776,0.0,0.0,0.548950363132303
2022-11-13,Lille,Angers,1,0,H,9,8,4,2,2223,1537.2297993385894,1391.9922400412145,0.0,0.0,0.7438951386091637
2022-11-13,Montpellier,Reims,1,1,D,16,17,8,4,2223,1408.181863088708,1484.4355673280015,0.0,0.0,0.44801526229109573
2022-11-13,Nantes,Ajaccio,2,2,D,15,13,5,4,2223,1481.3523999063657,1386.260599210565,0.0,1.0,0.6851736118976601
2022-11-13,Strasbourg,Lorient,1,1,D,20,6,4,2,2223,1490.4105862775164,1489.9545282374115,0.0,0.0,0.5579592331713435
2022-11-13,Monaco,Marseille,2,3,A,11,11,6,3,2223,1606.3206477340882,1588.2581735089257,0.0,0.0,0.5827893302699596
2022-12-28,Ajaccio,Angers,1,0,H,11,14,3,4,2223,1389.9640714485183,1386.8701428133977,1.0,0.0,0.5617010591399139
2022-12-28,Troyes,Nantes,0,0,D,6,19,2,5,2223,1430.8020989590236,1477.6489276684124,0.0,0.0,0.4901478967670335
2022-12-28,Auxerre,Monaco,2,3,A,11,6,6,3,2223,1391.789959907546,1594.664861128689,1.0,0.0,0.2813887633171338
2022-12-28,Clermont,Lille,0,2,A,9,14,3,3,2223,1438.2814027792997,1542.3518965664061,0.0,0.0,0.4088263245693054
2022-12-28,Brest,Lyon,2,4,A,17,17,5,10,2223,1442.9675801102105,1530.0589340298332,0.0,0.0,0.4326420681737448
2022-12-28,Paris SG,Strasbourg,2,1,H,9,10,6,3,2223,1688.311272204889,1489.2514016140894,0.0,0.0,0.7983702288098767
2022-12-29,Lorient,Montpellier,0,2,A,12,14,4,6,2223,1491.1137129008384,1409.221557842886,0.0,0.0,0.6685574074317668
2022-12-29,Reims,Rennes,3,1,H,10,11,4,5,2223,1483.3958725738235,1593.727727411661,0.0,0.0,0.4001445863442317
2022-12-29,Marseille,Toulouse,6,1,H,13,10,7,6,2223,1599.913960114325,1410.0465609235603,0.0,1.0,0.7897174493627467
2022-12-29,Nice,Lens,0,0,D,9,10,5,2,2223,1535.6321080647028,1611.9164068503114,0.0,0.0,0.4479717095376777
2023-01-01,Angers,Lorient,1,2,A,14,10,6,5,2223,1378.104163996196,1477.7425647522032,0.0,0.0,0.41500657815531267
2023-01-01,Monaco,Brest,1,0,H,17,13,5,6,2223,1600.2926363950316,1434.3147387467357,0.0,0.0,0.7659718641753744
2023-01-01,Nantes,Auxerre,1,0,H,10,14,3,6,2223,1477.451885603753,1386.1621846412033,0.0,1.0,0.6804334055362958
2023-01-01,Toulouse,Ajaccio,2,0,H,11,1,4,0,2223,1405.8409099108153,1398.7300502657201,1.0,1.0,0.5673854931705712
2023-01-01,Lyon,Clermont,0,1,A,13,13,2,3,2223,1538.711775393308,1430.1048762879136,0.0,0.0,0.7017091692125683
2023-01-01,Lens,Paris SG,3,1,H,10,16,4,6,2223,1610.875841041065,1692.3438676286914,0.0,0.0,0.4406044849896946
2023-01-02,Strasbourg,Troyes,2,3,A,17,9,7,5,2223,1485.218806190287,1430.999141023683,0.0,0.0,0.6323640306180119
2023-01-02,Lille,Reims,1,1,D,14,9,5,6,2223,1550.5284230577922,1495.3929808469388,0.0,0.0,0.6335887220118767
2023-01-02,Montpellier,Marseille,1,2,A,8,18,1,9,2223,1422.5927059915214,1604.11961112707,0.0,0.0,0.3068910602475971
2023-01-02,Rennes,Nice,2,1,H,20,7,5,3,2223,1581.7306191385455,1536.6726738739492,0.0,0.0,0.6200199472715379
2023-01-11,Ajaccio,Reims,0,1,A,11,9,1,3,2223,1390.0777601291315,1498.0647552871765,1.0,0.0,0.4033888432963544
2023-01-11,Auxerre,Toulouse,0,5,A,19,9,4,7,2223,1379.7708527519292,1414.493200047404,1.0,1.0,0.5075945686489186
2023-01-11,Brest,Lille,0,0,D,5,11,0,4,2223,1429.6341760302432,1547.8566486175546,0.0,0.0,0.3892930667263873
2023-01-11,Clermont,Rennes,2,1,H,11,9,5,2,2223,1444.1390596721649,1589.3302201931149,0.0,0.0,0.35307976787923
2023-01-11,Nantes,Lyon,0,0,D,13,10,5,6,2223,1483.8432174930272,1524.6775920090568,0.0,0.0,0.4987992408567686
2023-01-11,Lorient,Monaco,2,2,D,8,16,6,4,2223,1486.0426963153095,1604.973199111524,0.0,0.0,0.38832452019909686
2023-01-11,Nice,Montpellier,6,1,H,16,4,10,2,2223,1529.0730728193798,1416.4548847865694,0.0,0.0,0.7065197709345034
2023-01-11,Paris SG,Angers,2,0,H,9,6,6,0,2223,1681.1559573284853,1369.8040324330896,0.0,0.0,0.8831438350315831
2023-01-11,Strasbourg,Lens,2,2,D,9,15,6,8,2223,1472.5715255779269,1622.0637513412712,0.0,0.0,0.3474452563447571
2023-01-11,Troyes,Marseille,0,2,A,5,13,1,4,2223,1443.6464216360432,1610.2574323320218,0.0,0.0,0.3254511848768043
2023-01-14,Lens,Auxerre,1,0,H,10,6,2,1,2223,1619.0126564681664,1369.6189613789509,0.0,1.0,0.8410262824520044
2023-01-14,Marseille,Lorient,3,1,H,16,11,8,3,2223,1616.766456029558,1488.2762059113277,0.0,0.0,0.7251011290806332
2023-01-14,Lyon,Strasbourg,1,2,A,28,8,7,6,2223,1524.6535768261922,1475.6226204510317,0.0,0.0,0.6253931421405284
2023-01-15,Lille,Troyes,5,1,H,23,10,13,2,2223,1545.6425099520823,1437.137397938507,0.0,0.0,0.7015865109587061
2023-01-15,Angers,Clermont,1,2,A,5,10,1,6,2223,1367.4669091337212,1457.0774643145803,0.0,0.0,0.42908597753091987
2023-01-15,Montpellier,Nantes,0,3,A,11,12,5,7,2223,1410.5852802052596,1483.8672326758917,0.0,0.0,0.45224938940476894
2023-01-15,Reims,Nice,0,0,D,13,6,2,4,2223,1506.1325321531035,1534.9426774006897,0.0,0.0,0.5160979297756385
2023-01-15,Toulouse,Brest,1,1,D,16,17,7,5,2223,1424.6450914203822,1431.8483146957155,1.0,0.0,0.5470586628805753
2023-01-15,Monaco,Ajaccio,7,1,H,11,5,8,2,2223,1602.739689515506,1382.0099832632045,0.0,1.0,0.8177058132031876
2023-01-15,Rennes,Paris SG,1,0,H,8,8,6,1,2223,1576.3918155506994,1683.4930806278537,0.0,0.0,0.4046165238723787
2023-01-27,Lorient,Rennes,2,1,H,4,19,4,6,2223,1482.7782284929403,1588.2994850732518,0.0,0.0,0.406809477487636
2023-01-28,Troyes,Lens,1,1,D,6,21,1,5,2223,1431.1691281576811,1622.1921308191263,0.0,0.0,0.2953878467604019
2023-01-28,Marseille,Monaco,1,1,D,22,11,6,4,2223,1622.2644334479453,1606.385573251442,0.0,0.0,0.5797298684860033
2023-01-29,Nice,Lille,1,0,H,12,16,6,7,2223,1535.2646359962025,1551.6107797329082,0.0,0.0,0.533988139385116
2023-01-29,Auxerre,Montpellier,0,2,A,16,4,5,3,2223,1366.439487027991,1401.5402924171642,1.0,0.0,0.5070500405318055
2023-01-29,Brest,Angers,4,0,H,9,8,7,1,2223,1432.7894879533271,1358.8851895831028,0.0,0.0,0.6582906093856395
2023-01-29,Clermont,Nantes,0,0,D,9,4,0,0,2223,1465.6591838651987,1492.912220463987,0.0,0.0,0.5183361284959149
2023-01-29,Strasbourg,Toulouse,1,2,A,11,10,2,3,2223,1488.1304832938422,1423.7039181627706,0.0,1.0,0.6459142479103983
2023-01-29,Ajaccio,Lyon,0,2,A,16,8,5,2,2223,1378.3640995272683,1512.1457139833817,1.0,0.0,0.3682223910255301
2023-01-29,Paris SG,Reims,1,1,D,12,17,5,4,2223,1671.5854111053013,1505.8105735575907,0.0,0.0,0.7657622618110924
2023-02-01,Angers,Ajaccio,1,2,A,6,9,2,4,2223,1352.0510017708157,1370.9996517067577,0.0,1.0,0.5302583087081688
2023-02-01,Lille,Clermont,0,0,D,22,13,5,5,2223,1542.2905425206106,1465.2924612952804,0.0,0.0,0.6622853269928884
2023-02-01,Nantes,Marseille,0,2,A,12,13,2,4,2223,1493.2789430339053,1620.6698360782252,0.0,0.0,0.37682125932875893
2023-02-01,Reims,Lorient,4,2,H,31,12,9,5,2223,1511.1258187938126,1494.6420389431876,0.0,0.0,0.5805780456928702
2023-02-01,Toulouse,Troyes,4,1,H,13,11,6,3,2223,1436.6222031209786,1435.2613712224731,1.0,0.0,0.5592434207714373
2023-02-01,Lens,Nice,0,1,A,9,14,4,6,2223,1618.0998877543343,1544.5848732085,0.0,0.0,0.65778635402383
2023-02-01,Lyon,Brest,0,0,D,28,8,8,1,2223,1519.5101618038923,1439.6236757656143,0.0,0.0,0.6659940855092016
2023-02-01,Monaco,Auxerre,3,2,H,16,11,6,3,2223,1607.9801706211622,1356.2984862173548,0.0,1.0,0.8427793233327655
2023-02-01,Montpellier,Paris SG,1,3,A,6,19,3,8,2223,1411.6812932278003,1666.2701658690794,0.0,0.0,0.22525988663491794
2023-02-01,Rennes,Strasbourg,3,0,H,6,3,3,0,2223,1576.4356746230046,1475.2121983356342,0.0,0.0,0.6927372807085956
2023-02-04,Paris SG,Toulouse,2,1,H,22,14,5,5,2223,1670.7753636017778,1445.4373347055498,0.0,1.0,0.8216268266931973
2023-02-04,Troyes,Lyon,1,3,A,8,10,2,6,2223,1426.446239637902,1516.1902800937082,0.0,0.0,0.42889775118806633
2023-02-04,Rennes,Lille,1,3,A,10,15,6,6,2223,1582.5809290088328,1539.0448359807529,0.0,0.0,0.6179538596482717
2023-02-05,Clermont,Monaco,0,2,A,8,14,3,5,2223,1468.5381678351382,1611.124584154507,0.0,0.0,0.356512136858724
2023-02-05,Ajaccio,Nantes,0,2,A,8,7,2,3,2223,1381.604817880921,1485.7425178473302,1.0,0.0,0.40873282631131336
2023-02-05,Auxerre,Reims,0,0,D,12,8,3,4,2223,1353.15407268401,1519.5142578799553,1.0,0.0,0.32576824090615014
2023-02-05,Lorient,Angers,0,0,D,13,13,2,5,2223,1486.253599857045,1341.4458355966524,0.0,0.0,0.7434235008620035
2023-02-05,Strasbourg,Montpellier,2,0,H,6,11,2,0,2223,1469.066943949806,1407.176095495102,0.0,0.0,0.6425687713420419
2023-02-05,Brest,Lens,1,1,D,16,20,3,7,2223,1442.9435574757983,1604.9441606738576,0.0,0.0,0.3313042744356388
2023-02-05,Marseille,Nice,1,3,A,22,14,5,8,2223,1628.2062612648003,1557.7406002889768,0.0,0.0,0.6538241300959393
2023-02-10,Nice,Ajaccio,3,0,H,11,6,3,3,2223,1570.8170828908956,1373.4301613546947,0.0,1.0,0.7968155390791356
2023-02-11,Monaco,Paris SG,3,1,H,19,7,9,2,2223,1618.2548268916814,1674.342827067914,0.0,0.0,0.4768640399432439
2023-02-11,Clermont,Marseille,0,2,A,9,17,4,5,2223,1461.4079250979637,1615.1297786628816,0.0,0.0,0.341945674409528
2023-02-12,Toulouse,Rennes,3,1,H,13,13,7,4,2223,1441.8698712394137,1570.2218518158672,1.0,0.0,0.3755229753538045
2023-02-12,Angers,Auxerre,1,1,D,10,15,5,4,2223,1346.3143056138924,1356.638707865887,0.0,1.0,0.5426030660452027
2023-02-12,Lille,Strasbourg,2,0,H,14,5,10,0,2223,1551.4039131737184,1476.2155685229652,0.0,0.0,0.6599513474474257
2023-02-12,Montpellier,Brest,3,0,H,16,10,7,2,2223,1400.0274709219427,1446.3174719870856,0.0,0.0,0.4909489496490379
2023-02-12,Reims,Troyes,4,0,H,20,7,10,2,2223,1516.0296226980784,1417.8682846141405,0.0,0.0,0.6889726219644975
2023-02-12,Nantes,Lorient,1,0,H,13,9,6,5,2223,1493.9171743735565,1481.385129839805,0.0,0.0,0.5750288078302792
2023-02-12,Lyon,Lens,2,1,H,11,14,5,4,2223,1524.7682351174697,1601.5702461625704,0.0,0.0,0.44723484371333766
2023-02-17,Auxerre,Lyon,2,1,H,8,6,3,4,2223,1357.490769186791,1535.8235382432028,1.0,0.0,0.31081594903691745
2023-02-18,Nice,Reims,0,0,D,16,10,1,2,2223,1574.8807721093128,1522.2501702587883,0.0,0.0,0.6302348859167847
2023-02-18,Strasbourg,Angers,2,1,H,18,10,5,3,2223,1469.4145954719138,1345.4622442929883,0.0,0.0,0.7198636962436022
2023-02-19,Paris SG,Lille,4,3,H,12,16,10,7,2223,1663.8801078667789,1558.2048862247698,0.0,0.0,0.6981647956688917
2023-02-19,Brest,Monaco,1,2,A,13,10,3,3,2223,1436.1364509800662,1628.7175460928165,0.0,0.0,0.29352450513286754
2023-02-19,Lorient,Ajaccio,3,0,H,10,12,6,3,2223,1472.8857059964105,1369.3664721362775,0.0,1.0,0.6955430312785087
2023-02-19,Rennes,Clermont,2,0,H,18,7,6,3,2223,1557.7323113229434,1454.569011609773,0.0,0.0,0.6951089718855411
2023-02-19,Troyes,Montpellier,0,1,A,4,19,2,7,2223,1411.6477370534305,1410.208491928962,0.0,0.0,0.5593546792419011
2023-02-19,Lens,Nantes,3,1,H,19,6,6,3,2223,1590.5149430368372,1502.416598216951,0.0,0.0,0.6764255904473597
2023-02-19,Toulouse,Marseille,2,3,A,15,15,6,7,2223,1454.3594117323375,1621.9686921510722,1.0,0.0,0.3241909071966422
2023-02-24,Lille,Brest,2,1,H,18,3,4,0,2223,1552.1681821381476,1430.2659608774088,0.0,0.0,0.717477643548453
2023-02-25,Angers,Lyon,1,3,A,11,7,2,5,2223,1339.8595182178603,1522.0398572239412,0.0,0.0,0.30609154413466066
2023-02-25,Montpellier,Lens,1,1,D,8,19,3,6,2223,1421.3955855138001,1596.98643122789,0.0,0.0,0.31420703842528097
2023-02-26,Lorient,Auxerre,0,1,A,18,9,4,1,2223,1478.9748453708403,1371.2744502060527,0.0,1.0,0.70061576981945
2023-02-26,Ajaccio,Troyes,2,1,H,14,11,6,5,2223,1363.2773327618477,1400.4606434685925,1.0,0.0,0.5040534529326615
2023-02-26,Clermont,Strasbourg,1,1,D,11,12,4,6,2223,1448.471191047484,1475.0173215470418,0.0,0.0,0.5193520028018676
2023-02-26,Nantes,Rennes,0,1,A,20,11,7,3,2223,1495.945110025898,1563.8301318852325,0.0,0.0,0.45995617284875756
2023-02-26,Reims,Toulouse,3,0,H,18,13,6,6,2223,1524.854867977124,1447.8755935884046,0.0,1.0,0.6622611125689136
2023-02-26,Monaco,Nice,0,3,A,15,12,4,7,2223,1634.588036195474,1572.276074390977,0.0,0.0,0.6431253371662975
2023-02-26,Marseille,Paris SG,0,3,A,19,12,6,7,2223,1628.4525102950051,1669.916811953401,0.0,0.0,0.49789271299570426
2023-03-03,Nice,Auxerre,1,1,D,17,3,5,1,2223,1585.138581134303,1385.2867656024418,0.0,1.0,0.7991030847217003
2023-03-04,Lens,Lille,1,1,D,10,11,1,6,2223,1593.2705719963958,1557.8186292671785,0.0,0.0,0.606908659189951
2023-03-04,Paris SG,Nantes,4,2,H,17,8,11,5,2223,1679.874666213315,1486.7459865689227,0.0,0.0,0.7928180826501722
2023-03-05,Troyes,Monaco,2,2,D,13,17,6,4,2223,1390.5417125272456,1621.725529452148,0.0,0.0,0.249638256827621
2023-03-05,Montpellier,Angers,5,0,H,15,10,8,4,2223,1425.1114447452944,1333.737687335167,0.0,0.0,0.6805386103973917
2023-03-05,Reims,Ajaccio,1,0,H,12,5,3,1,2223,1531.6096457257458,1373.1962637031945,0.0,1.0,0.7580758573203277
2023-03-05,Strasbourg,Brest,0,1,A,17,8,4,1,2223,1475.4043616030792,1424.615513748378,0.0,0.0,0.6277608176176397
2023-03-05,Toulouse,Clermont,0,1,A,9,12,0,3,2223,1441.1208158397828,1448.0841509914464,1.0,0.0,0.54740080931009
2023-03-05,Lyon,Lorient,0,0,D,17,11,5,1,2223,1528.1616881066345,1464.9625299744512,0.0,0.0,0.6442966381012605
2023-03-05,Rennes,Marseille,0,1,A,13,11,2,4,2223,1573.0292553422078,1618.494656035091,0.0,0.0,0.4921353048557896
2023-03-10,Lille,Lyon,3,3,D,8,6,6,5,2223,1559.9568024509774,1525.2757553446093,0.0,0.0,0.6058494701882592
2023-03-11,Auxerre,Rennes,0,0,D,12,7,0,2,2223,1391.2688272968758,1563.186549245092,1.0,0.0,0.3187810094594857
2023-03-11,Brest,Paris SG,1,2,A,7,17,2,8,2223,1437.1707301007307,1684.0183045603117,0.0,0.0,0.23313191365404984
2023-03-12,Clermont,Lens,0,4,A,9,13,6,6,2223,1459.0321671776483,1591.1323988125969,0.0,0.0,0.37047687736034746
2023-03-12,Ajaccio,Montpellier,0,1,A,7,12,1,4,2223,1368.357780849601,1431.5006725373466,1.0,0.0,0.4667438725742044
2023-03-12,Angers,Toulouse,0,2,A,13,8,2,5,2223,1327.3484595431148,1430.172799653581,0.0,1.0,0.41056118088078963
2023-03-12,Lorient,Troyes,2,0,H,16,9,6,2,2223,1467.8484627364764,1395.5489473906932,0.0,0.0,0.6562095761329806
2023-03-12,Nantes,Nice,2,2,D,10,16,3,8,2223,1482.6023482219261,1579.156519439869,0.0,0.0,0.4193232871349136
2023-03-12,Monaco,Reims,0,1,A,14,17,3,8,2223,1616.7182945887005,1536.4481285793393,0.0,0.0,0.6664852081853294
2023-03-12,Marseille,Strasbourg,2,2,D,7,24,4,9,2223,1628.3373621322069,1462.8491452507265,0.0,0.0,0.7654661849965089
2023-03-17,Lyon,Nantes,1,1,D,11,11,6,5,2223,1527.3927447483745,1484.215882479228,0.0,0.0,0.617465536998425
2023-03-18,Toulouse,Lille,0,2,A,16,18,4,5,2223,1438.3840232711968,1557.8398130472121,1.0,0.0,0.3876065254652261
2023-03-18,Lens,Angers,3,0,H,12,3,6,1,2223,1598.541936359804,1319.137235925499,0.0,0.0,0.8627879317442589
2023-03-19,Ajaccio,Monaco,0,2,A,10,8,1,4,2223,1359.022903398117,1603.388590424994,1.0,0.0,0.2356958766991934
2023-03-19,Montpellier,Clermont,2,1,H,23,16,9,8,2223,1440.8355499888307,1451.6226296304412,0.0,0.0,0.5419419792365365
2023-03-19,Nice,Lorient,1,1,D,16,9,1,3,2223,1577.5429851825672,1474.7242712138168,0.0,0.0,0.6946884210382045
2023-03-19,Strasbourg,Auxerre,2,0,H,13,8,6,1,2223,1468.1584689506567,1394.893207107686,0.0,1.0,0.6574626511667938
2023-03-19,Troyes,Brest,2,2,D,15,9,5,2,2223,1388.673138913353,1432.5080918276497,0.0,0.0,0.4944812832391634
2023-03-19,Paris SG,Rennes,0,2,A,17,10,8,3,2223,1688.6809428333927,1559.5621694342817,0.0,0.0,0.7258217296003693
2023-03-19,Reims,Marseille,1,2,A,19,12,6,5,2223,1549.7778327430458,1623.0280384322766,0.0,0.0,0.45229466040052607
2023-03-31,Marseille,Montpellier,1,1,D,13,9,2,3,2223,1632.0739316402871,1449.9967104041,0.0,0.0,0.782173762244412
2023-04-01,Auxerre,Troyes,1,0,H,13,14,5,2,2223,1388.042460131022,1388.7835132485695,1.0,0.0,0.5562589285201636
2023-04-01,Rennes,Lens,0,1,A,10,12,3,4,2223,1574.0786040262892,1601.2861777249188,0.0,0.0,0.5184014665656779
2023-04-02,Lille,Lorient,3,1,H,20,2,7,1,2223,1565.5919435565168,1478.6180396345808,0.0,0.0,0.6750072475337687
2023-04-02,Angers,Nice,1,1,D,13,12,6,3,2223,1316.392994560384,1573.6492167618032,0.0,0.0,0.22259156103463082
2023-04-02,Brest,Toulouse,3,1,H,17,8,7,3,2223,1432.397717492433,1430.6318927618922,0.0,1.0,0.5598179902416026
2023-04-02,Clermont,Ajaccio,2,1,H,14,3,6,2,2223,1442.461469215172,1354.308985864133,0.0,1.0,0.6764937980022769
2023-04-02,Nantes,Reims,0,3,A,12,14,6,9,2223,1486.5651932191965,1540.7319395350353,0.0,0.0,0.4796237045899063
2023-04-02,Monaco,Strasbourg,4,3,H,9,13,7,6,2223,1608.1025079589779,1475.0092159273208,0.0,0.0,0.7303511885854874
2023-04-02,Paris SG,Lyon,0,1,A,16,10,5,3,2223,1674.1645082413852,1525.043434008406,0.0,0.0,0.7481308926879155
2023-04-07,Lens,Strasbourg,2,1,H,13,13,9,3,2223,1611.6542070562325,1469.6162396990305,0.0,0.0,0.7403704333275702
2023-04-08,Angers,Lille,1,0,H,7,15,5,5,2223,1321.9411633396915,1572.0917986058414,0.0,0.0,0.22974983650626127
2023-04-08,Nice,Paris SG,0,2,A,21,13,7,4,2223,1568.1010479824959,1659.201890387627,0.0,0.0,0.4269857133743621
2023-04-09,Lyon,Rennes,3,1,H,11,11,3,3,2223,1540.0060518621642,1563.7105746949755,0.0,0.0,0.5234338958862433
2023-04-09,Ajaccio,Auxerre,0,3,A,9,11,2,4,2223,1347.8388618241786,1396.9172815606187,1.0,1.0,0.48693807639003683
2023-04-09,Montpellier,Toulouse,1,2,A,16,15,8,8,2223,1455.6401856489883,1421.8282525667244,0.0,1.0,0.6046541384664743
2023-04-09,Reims,Brest,1,1,D,22,12,7,5,2223,1550.3244136268333,1441.2013576876009,0.0,0.0,0.7023307161186977
2023-04-09,Troyes,Clermont,0,2,A,9,12,3,4,2223,1379.9086918189728,1448.9315932551265,0.0,0.0,0.4583295682046402
2023-04-09,Nantes,Monaco,2,2,D,9,16,2,10,2223,1476.9727191273985,1613.4954841872682,0.0,0.0,0.3645592646003765
2023-04-09,Lorient,Marseille,0,0,D,9,13,5,2,2223,1472.1181845852561,1626.4304563953988,0.0,0.0,0.34118130960956927
2023-04-14,Toulouse,Lyon,1,2,A,13,14,6,3,2223,1433.9213353360537,1549.5373739444394,1.0,0.0,0.39286600703364444
2023-04-15,Rennes,Reims,3,0,H,23,5,8,1,2223,1554.1792526127003,1546.2777993044594,0.0,0.0,0.5685022392005288
2023-04-15,Paris SG,Lens,3,1,H,15,14,7,7,2223,1667.741604655114,1616.846798389681,0.0,0.0,0.6279033368808341
2023-04-16,Lille,Montpellier,2,1,H,17,4,7,1,2223,1556.6867953359667,1443.547102879659,0.0,0.0,0.7071418525515009
2023-04-16,Auxerre,Nantes,2,1,H,13,17,7,7,2223,1406.6560430884194,1479.6815338353908,1.0,0.0,0.45261512703906487
2023-04-16,Brest,Nice,1,0,H,14,12,3,6,2223,1445.2479720099748,1559.5613337150087,0.0,0.0,0.394656070456921
2023-04-16,Clermont,Angers,2,1,H,12,7,5,4,2223,1458.0981846192192,1337.3461666095661,0.0,0.0,0.7161335926926073
2023-04-16,Strasbourg,Ajaccio,3,1,H,12,8,6,1,2223,1464.423648365582,1338.1001002963778,0.0,1.0,0.7226080169285038
2023-04-16,Monaco,Lorient,3,1,H,11,7,7,4,2223,1610.7866694792758,1475.2945583930648,0.0,0.0,0.7330619876327087
2023-04-16,Marseille,Troyes,3,1,H,28,4,6,2,2223,1623.2540825875901,1370.74210045488,0.0,0.0,0.8434115914974288
2023-04-21,Angers,Paris SG,1,2,A,16,10,4,4,2223,1331.6688384634183,1675.1835379174975,0.0,0.0,0.14840436590288553
2023-04-22,Auxerre,Lille,1,1,D,8,14,4,6,2223,1417.6037405476382,1562.5439582849367,1.0,0.0,0.35340979230218494
2023-04-22,Lens,Monaco,3,0,H,21,11,8,4,2223,1609.4048651272976,1616.1254297266216,0.0,0.0,0.547747021275525
2023-04-23,Reims,Strasbourg,0,2,A,15,9,5,3,2223,1537.64784408847,1469.971488027012,0.0,0.0,0.650181005239094
2023-04-23,Ajaccio,Brest,0,0,D,3,10,2,2,2223,1332.552260634948,1457.3548506008362,1.0,0.0,0.3803264253685016
2023-04-23,Lorient,Toulouse,0,1,A,9,13,1,4,2223,1469.955798145719,1426.0640151953808,0.0,1.0,0.6184371343895938
2023-04-23,Nantes,Troyes,2,2,D,19,9,9,4,2223,1468.7338363761721,1367.6103322848287,0.0,0.0,0.6926147735346924
2023-04-23,Nice,Clermont,1,2,A,15,9,5,3,2223,1547.4544551241472,1463.775512765367,0.0,0.0,0.6708326068404383
2023-04-23,Montpellier,Rennes,1,0,H,11,16,2,4,2223,1437.689939930689,1562.8092078286898,0.0,0.0,0.3798968908002181
2023-04-23,Lyon,Marseille,1,2,A,7,14,2,7,2223,1557.3946940851124,1626.3858507576415,0.0,0.0,0.45837493562713755
2023-04-28,Strasbourg,Lyon,1,2,A,11,7,3,4,2223,1482.9751081317938,1548.2271953725697,0.0,0.0,0.46372318111744454
2023-04-29,Lille,Ajaccio,3,0,H,10,2,5,0,2223,1559.6121541309803,1334.945732127578,0.0,1.0,0.8210595240553703
2023-04-30,Monaco,Montpellier,0,4,A,7,19,4,9,2223,1607.0803701521322,1450.0920021146846,0.0,0.0,0.7565682624928686
2023-04-30,Clermont,Reims,1,0,H,6,13,2,2,2223,1477.1921649021758,1524.644223983688,0.0,0.0,0.48927726918060527
2023-04-30,Rennes,Angers,4,2,H,13,4,4,2,2223,1550.407145644694,1328.7007511453605,0.0,0.0,0.8185423891335905
2023-04-30,Troyes,Nice,0,1,A,9,29,6,13,2223,1371.4626277555226,1534.0378029873384,0.0,0.0,0.33057193382210004
2023-04-30,Paris SG,Lorient,1,3,A,13,14,4,7,2223,1678.1516252355552,1457.5870554579271,0.0,0.0,0.8175640708102404
2023-04-30,Marseille,Auxerre,2,1,H,26,11,4,3,2223,1635.5533494701842,1420.5355447015945,0.0,1.0,0.8127532799951822
2023-05-02,Toulouse,Lens,0,1,A,9,11,2,3,2223,1438.4327578831726,1618.449924701787,1.0,0.0,0.3087427569239768
2023-05-03,Brest,Nantes,2,0,H,8,13,4,5,2223,1454.9613791082063,1464.8815409054782,0.0,0.0,0.5431805337687312
2023-05-06,Nice,Rennes,2,1,H,11,14,4,4,2223,1540.6492416637805,1554.0362978620224,0.0,0.0,0.5382243762456016
2023-05-06,Reims,Lille,1,0,H,14,11,4,5,2223,1514.4297693673002,1563.1909636498729,0.0,0.0,0.4873942997136435
2023-05-06,Lens,Marseille,2,1,H,9,14,3,3,2223,1624.6247798402667,1639.2982838702806,0.0,0.0,0.5363833363080275
2023-05-07,Angers,Monaco,1,2,A,10,14,3,6,2223,1325.0715989280322,1591.9490049022747,0.0,0.0,0.21315505797185993
2023-05-07,Ajaccio,Toulouse,0,0,D,4,15,2,5,2223,1331.3669226086854,1432.257902744693,1.0,1.0,0.41325713849781803
2023-05-07,Auxerre,Clermont,1,1,D,11,9,4,4,2223,1416.7906103014982,1487.4066195185637,1.0,0.0,0.45605371164285086
2023-05-07,Lorient,Brest,2,1,H,6,15,3,2,2223,1473.938336874132,1464.0977684328316,0.0,0.0,0.5712383492146493
2023-05-07,Nantes,Strasbourg,0,2,A,13,8,5,6,2223,1455.745151580853,1473.7006445094448,0.0,0.0,0.5316820920047232
2023-05-07,Lyon,Montpellier,5,4,H,16,12,8,6,2223,1557.5016589949187,1465.2233673645421,0.0,0.0,0.6816695588183642
2023-05-07,Troyes,Paris SG,1,3,A,7,31,3,12,2223,1364.8511890790805,1661.8003438193505,0.0,0.0,0.18556064187166493
2023-05-12,Lens,Reims,2,1,H,8,17,6,3,2223,1633.897113114106,1524.6818833730274,0.0,0.0,0.7024416316213894
2023-05-13,Strasbourg,Nice,2,0,H,12,9,3,4,2223,1484.3342863495393,1549.8847541388684,0.0,0.0,0.4632960641053652
2023-05-13,Paris SG,Ajaccio,5,0,H,16,7,9,2,2223,1665.5115566567838,1333.101779838729,0.0,1.0,0.8950845130061289
2023-05-14,Clermont,Lyon,2,1,H,9,15,6,4,2223,1486.5276937514207,1563.8682678185514,0.0,0.0,0.4464685466974608
2023-05-14,Brest,Auxerre,1,0,H,15,10,10,2,2223,1455.5225354171246,1417.6695360686413,0.0,1.0,0.6102011664812997
2023-05-14,Montpellier,Lorient,1,1,D,15,11,4,3,2223,1458.8567585409094,1482.513569889839,0.0,0.0,0.5235024069665741
2023-05-14,Rennes,Troyes,4,0,H,26,4,9,0,2223,1544.8007853869344,1361.1399762416472,0.0,0.0,0.7837229092284809
2023-05-14,Toulouse,Nantes,0,0,D,14,8,6,1,2223,1430.5230455146493,1445.1115097407585,1.0,0.0,0.5365050682410453
2023-05-14,Monaco,Lille,0,0,D,8,10,1,4,2223,1596.212106061712,1552.9388496441456,0.0,0.0,0.6175965943360139
2023-05-14,Marseille,Angers,3,1,H,14,4,6,1,2223,1630.0259505964411,1320.808497768595,0.0,0.0,0.8818698242399067
2023-05-19,Lyon,Monaco,3,1,H,22,16,11,9,2223,1552.7976387525007,1593.8601741749917,0.0,0.0,0.4984708933767237
2023-05-20,Nantes,Montpellier,0,3,A,13,13,3,6,2223,1445.8416111055794,1458.3867104015778,0.0,0.0,0.5394287426292504
2023-05-20,Lille,Marseille,2,1,H,12,8,3,3,2223,1555.2907815308658,1632.388554111643,0.0,0.0,0.4468139867055564
2023-05-21,Ajaccio,Rennes,0,5,A,2,13,0,7,2223,1331.0034700988517,1549.1263272023648,1.0,0.0,0.2639851218019499
2023-05-21,Brest,Clermont,2,1,H,10,8,3,2,2223,1463.3185120874987,1497.5983228174714,0.0,0.0,0.5082312703680535
2023-05-21,Nice,Toulouse,0,0,D,21,7,7,4,2223,1539.1506754209756,1429.7929441498284,0.0,1.0,0.7026130610973409
2023-05-21,Reims,Angers,2,2,D,11,7,5,3,2223,1518.7307160054552,1318.4458942533931,0.0,0.0,0.7995029392513259
2023-05-21,Troyes,Strasbourg,1,1,D,8,16,3,5,2223,1356.8144344262168,1495.068365067432,0.0,0.0,0.3622538548366293
2023-05-21,Lorient,Lens,1,3,A,13,15,5,7,2223,1482.9836180291704,1639.8482804816783,0.0,0.0,0.33788647247503173
2023-05-21,Auxerre,Paris SG,1,2,A,14,15,7,4,2223,1409.8735593982672,1667.6098663966611,1.0,0.0,0.22211370343313924
2023-05-27,Angers,Troyes,2,1,H,18,5,5,3,2223,1324.4359530384197,1359.5693573294843,0.0,0.0,0.507003136205924
2023-05-27,Clermont,Lorient,2,0,H,18,6,7,1,2223,1487.7629482248324,1476.2258885796698,0.0,0.0,0.5736285540309771
2023-05-27,Lens,Ajaccio,3,0,H,12,6,3,0,2223,1646.606009931179,1325.7237676628126,0.0,1.0,0.8886876072637603
2023-05-27,Lille,Nantes,2,1,H,9,8,2,3,2223,1566.3545017967547,1435.0530362529944,0.0,0.0,0.728315032146529
2023-05-27,Lyon,Reims,3,0,H,23,10,7,1,2223,1562.8282208849662,1512.7406572204286,0.0,0.0,0.6268169969228328
2023-05-27,Marseille,Brest,1,2,A,10,15,4,5,2223,1621.3248338457543,1473.1538866801377,0.0,0.0,0.7470988953305128
2023-05-27,Montpellier,Nice,2,3,A,14,23,8,15,2223,1469.1752852541629,1535.0984141990289,0.0,0.0,0.4627626937745561
2023-05-27,Rennes,Monaco,2,0,H,12,11,6,3,2223,1554.4060296384039,1583.8295920425262,0.0,0.0,0.5152160173750783
2023-05-27,Strasbourg,Paris SG,1,1,D,17,7,5,2,2223,1492.3134421641646,1672.0521404653239,0.0,0.0,0.3090849737413655
2023-05-27,Toulouse,Auxerre,1,1,D,10,16,3,2,2223,1433.8452053717751,1405.4312853296044,1.0,1.0,0.5972024719801671
2023-06-03,Ajaccio,Marseille,1,0,H,3,17,1,5,2223,1323.4975198080879,1606.382855939144,1.0,0.0,0.19810819273331012
2023-06-03,Auxerre,Lens,1,3,A,17,15,5,7,2223,1407.3753347692077,1648.8322577859037,1.0,0.0,0.23872556843679532
2023-06-03,Brest,Rennes,1,2,A,14,12,5,3,2223,1488.095864586748,1564.1017092909024,0.0,0.0,0.44836813116121643
2023-06-03,Lorient,Strasbourg,2,1,H,5,15,3,7,2223,1467.6984596602892,1496.1317426893372,0.0,0.0,0.516639696788412
2023-06-03,Monaco,Toulouse,1,2,A,19,22,7,8,2223,1574.1339123900277,1431.9011559321718,0.0,1.0,0.7405859130868138
2023-06-03,Nantes,Angers,1,0,H,11,5,7,1,2223,1429.619336895925,1334.2958903143012,0.0,0.0,0.6854611826782511
2023-06-03,Nice,Lyon,3,1,H,16,16,6,7,2223,1544.35366807452,1570.2918809465095,0.0,0.0,0.52022549600209
2023-06-03,Paris SG,Clermont,2,3,A,16,12,6,5,2223,1668.2338399401513,1496.290377144213,0.0,0.0,0.7720714060183218
2023-06-03,Reims,Montpellier,1,3,A,11,16,5,8,2223,1505.2769971588853,1459.9200313786719,0.0,0.0,0.6204253935560365
2023-06-03,Troyes,Lille,1,1,D,8,18,3,7,2223,1349.7094200536028,1571.788201153824,0.0,0.0,0.25958440803691707
2023-08-11,Nice,Lille,1,1,D,8,12,3,5,2324,1553.9491581544783,1566.9798893145623,0.0,0.0,0.5387341320771433
2023-08-12,Marseille,Reims,2,1,H,14,11,4,4,2324,1590.3450197938103,1492.8684892877645,0.0,0.0,0.6881272498441814
2023-08-12,Paris SG,Lorient,0,0,D,20,4,4,0,2324,1652.7924118197848,1477.365665724521,0.0,0.0,0.7755807301916448
2023-08-13,Brest,Lens,3,2,H,15,10,8,2,2324,1479.1285019635236,1653.6067691546396,0.0,0.0,0.3155887293241764
2023-08-13,Clermont,Monaco,2,4,A,15,14,7,8,2324,1511.7318052645794,1559.3221941282914,0.0,0.0,0.4890782898861066
2023-08-13,Montpellier,Le Havre,2,2,D,15,12,5,4,2324,1472.3285392497926,1400.0,0.0,1.0,0.6562472670349253
2023-08-13,Nantes,Toulouse,1,2,A,9,9,4,5,2324,1435.91011324236,1446.7128741939082,0.0,0.0,0.5419195707273029
2023-08-13,Rennes,Metz,5,1,H,29,9,14,3,2324,1573.0690719141267,1400.0,0.0,1.0,0.7732096441273051
2023-08-13,Strasbourg,Lyon,2,1,H,8,23,2,7,2324,1486.4645366251054,1560.6963908665514,0.0,0.0,0.4508951956980318
2023-08-18,Metz,Marseille,2,2,D,10,22,5,5,2324,1395.464192882546,1596.5824747969266,1.0,0.0,0.2834379970649375
2023-08-19,Lyon,Montpellier,1,4,A,7,14,3,8,2324,1549.714294780512,1469.203593909094,0.0,0.0,0.6667929164572216
2023-08-19,Toulouse,Paris SG,1,1,D,8,16,2,3,2324,1457.5512656084543,1647.280797215952,0.0,0.0,0.29693993107198935
2023-08-20,Lille,Nantes,2,0,H,18,14,8,4,2324,1567.754571956105,1425.071721827814,0.0,0.0,0.741083371444511
2023-08-20,Le Havre,Brest,1,2,A,18,10,7,5,2324,1403.1249453406986,1492.81672737704,1.0,0.0,0.42897143785174596
2023-08-20,Lorient,Nice,1,1,D,9,21,2,8,2324,1482.877280328354,1553.1744755129355,0.0,0.0,0.456509014152717
2023-08-20,Reims,Clermont,2,0,H,8,11,4,4,2324,1486.6310342846482,1501.9502394668573,0.0,0.0,0.5354588940085913
2023-08-20,Monaco,Strasbourg,3,0,H,9,4,4,1,2324,1569.1037599260135,1497.4466327111447,0.0,0.0,0.6553748577271321
2023-08-20,Lens,Rennes,1,1,D,15,10,4,5,2324,1639.9185437411231,1577.6048790315806,0.0,0.0,0.6431275870333477
2023-08-25,Nantes,Monaco,3,3,D,3,27,3,10,2324,1419.893389256704,1575.9962627714708,0.0,0.0,0.3388682244396835
2023-08-26,Marseille,Brest,2,0,H,15,18,6,7,2324,1592.2512347382253,1501.396156134075,0.0,0.0,0.679889140255011
2023-08-26,Paris SG,Lens,3,1,H,17,12,7,4,2324,1643.2195958373918,1637.0559920004562,0.0,0.0,0.5660465541095847
2023-08-27,Rennes,Le Havre,2,2,D,22,7,8,3,2324,1580.4674307722476,1394.5455165836636,0.0,1.0,0.7859209843165292
2023-08-27,Clermont,Metz,0,1,A,16,10,4,5,2324,1492.6594173470291,1399.7954329412473,0.0,1.0,0.6824007169251862
2023-08-27,Montpellier,Reims,1,3,A,19,12,3,6,2324,1482.5394522382385,1495.9218564044763,0.0,0.0,0.5382310319237645
2023-08-27,Strasbourg,Toulouse,2,0,H,11,7,3,1,2324,1490.5541298656874,1461.6124669870146,0.0,0.0,0.5979330353245355
2023-08-27,Lorient,Lille,4,1,H,9,18,6,7,2324,1483.7471000452995,1572.932904527215,0.0,0.0,0.42968505077537994
2023-08-27,Nice,Lyon,0,0,D,21,6,4,1,2324,1552.30465579599,1536.3784364513676,0.0,0.0,0.5797962893222447
2023-09-01,Nantes,Marseille,1,1,D,10,26,2,9,2324,1423.1160247679104,1598.653451933125,0.0,0.0,0.31427330301687034
2023-09-02,Brest,Rennes,0,0,D,13,6,2,3,2324,1494.9939389391752,1574.749011085917,0.0,0.0,0.443036242755197
2023-09-02,Monaco,Lens,3,0,H,11,12,6,1,2324,1572.7736272602644,1628.3769230826479,0.0,0.0,0.4775601365560539
2023-09-03,Toulouse,Clermont,2,2,D,9,15,5,3,2324,1453.5711276935053,1479.0114030085253,0.0,0.0,0.5209408712434702
2023-09-03,Le Havre,Lorient,3,0,H,17,9,6,2,2324,1400.2639362699942,1495.153399029792,1.0,0.0,0.42165841053917125
2023-09-03,Lille,Montpellier,1,0,H,15,9,6,5,2324,1561.5266055427226,1471.7748315997633,0.0,0.0,0.678505304122721
2023-09-03,Metz,Reims,2,2,D,12,12,4,2,2324,1413.4434472797511,1506.6864770429515,1.0,0.0,0.4239713500614357
2023-09-03,Nice,Strasbourg,2,0,H,16,4,6,0,2324,1550.708730009545,1498.5954691591967,0.0,0.0,0.6295406147632016
2023-09-03,Lyon,Paris SG,1,4,A,19,22,8,8,2324,1537.9743622378126,1651.8986647552001,0.0,0.0,0.3951912440118631
2023-09-15,Paris SG,Nice,2,3,A,12,14,3,8,2324,1659.8024896354373,1558.117917714281,0.0,0.0,0.6933019611735014
2023-09-16,Rennes,Lille,2,2,D,7,10,4,6,2324,1573.6097359410207,1567.956499460268,0.0,0.0,0.5653247525038583
2023-09-16,Lens,Metz,0,1,A,31,2,10,2,2324,1617.928125813769,1414.9640202785224,0.0,1.0,0.8019638304010472
2023-09-17,Lorient,Monaco,2,2,D,10,20,3,7,2324,1483.5865672405753,1583.2224245291434,0.0,0.0,0.4150101327360517
2023-09-17,Clermont,Nantes,0,1,A,16,8,3,5,2324,1479.4302204333947,1426.830558707573,0.0,0.0,0.6301933794081338
2023-09-17,Reims,Brest,1,2,A,13,18,7,7,2324,1505.1659040441803,1496.1332140840714,0.0,0.0,0.5700989441431501
2023-09-17,Strasbourg,Montpellier,2,2,D,14,11,7,4,2324,1491.1862814544606,1465.3449376822177,0.0,0.0,0.593635086798064
2023-09-17,Marseille,Toulouse,0,0,D,24,10,6,3,2324,1594.9389179934626,1453.152310268636,0.0,0.0,0.7400922023739227
2023-09-17,Lyon,Le Havre,0,0,D,23,7,7,0,2324,1530.0705373575754,1411.8307680592109,0.0,1.0,0.7131845683082094
2023-09-22,Monaco,Nice,0,1,A,9,13,3,7,2324,1581.5226271838644,1571.9839569377511,0.0,0.0,0.5708126496905049
2023-09-23,Nantes,Lorient,5,3,H,19,10,9,7,2324,1439.4344262957356,1485.2863645858542,0.0,0.0,0.4915791801283316
2023-09-23,Brest,Lyon,1,0,H,27,6,11,3,2324,1507.5351929669343,1525.8068459914111,0.0,0.0,0.5312289018440751
2023-09-24,Metz,Strasbourg,0,1,A,13,4,1,1,2324,1431.0032968865435,1489.3135797184993,1.0,0.0,0.47367375331430606
2023-09-24,Le Havre,Clermont,2,1,H,9,11,3,4,2324,1416.0944594253751,1466.826352845232,1.0,0.0,0.4845604739569512
2023-09-24,Lens,Toulouse,2,1,H,27,7,7,2,2324,1601.8888492057479,1457.9541543161145,0.0,0.0,0.7424636840897708
2023-09-24,Montpellier,Rennes,0,0,D,13,18,4,6,2324,1467.217639418179,1572.3032408909435,0.0,0.0,0.4074147975312376
2023-09-24,Paris SG,Marseille,4,0,H,15,6,5,0,2324,1645.9364504119671,1590.1370739459842,0.0,0.0,0.6344755407015588
2023-09-26,Lille,Reims,1,2,A,14,4,3,4,2324,1569.2629945103454,1493.7639251613173,0.0,0.0,0.6603526390765126
2023-09-29,Strasbourg,Lens,0,1,A,8,9,2,2,2324,1498.7870547847854,1607.0395755239524,0.0,0.0,0.4030210421260685
2023-09-30,Clermont,Paris SG,0,0,D,12,21,3,10,2324,1456.5175623243708,1653.246939597936,0.0,0.0,0.288597206521383
2023-09-30,Monaco,Marseille,3,2,H,10,8,7,4,2324,1570.1063741900543,1582.8265847600153,0.0,0.0,0.5391782944119476
2023-10-01,Reims,Lyon,2,0,H,8,11,3,6,2324,1506.9709779428476,1516.4314240282927,0.0,0.0,0.5438371082003752
2023-10-01,Le Havre,Lille,0,2,A,5,16,0,6,2324,1426.4032499462362,1556.055941728815,1.0,0.0,0.37376875984177504
2023-10-01,Nice,Brest,0,0,D,12,7,1,2,2324,1583.4002099315612,1516.9106149300528,0.0,0.0,0.6486256100167268
2023-10-01,Toulouse,Metz,3,0,H,15,8,10,3,2324,1452.80342799791,1421.5298218202574,0.0,1.0,0.6011559406635489
2023-10-01,Lorient,Montpellier,0,3,A,14,14,3,8,2324,1475.1179481884208,1469.0693434675543,0.0,0.0,0.5658839376638438
2023-10-01,Rennes,Nantes,3,1,H,16,10,5,3,2324,1570.4515368415682,1449.6028426931691,0.0,0.0,0.7162467104524153
2023-10-06,Strasbourg,Nantes,1,2,A,11,16,3,7,2324,1490.726633942264,1443.9277769022174,0.0,0.0,0.6223781071387046
2023-10-07,Metz,Nice,0,1,A,10,7,3,4,2324,1413.5529406335284,1580.4276977312268,1.0,0.0,0.325117968512334
2023-10-07,Reims,Monaco,1,3,A,11,11,4,4,2324,1516.0942357788401,1579.3228083018155,0.0,0.0,0.46662111544140805
2023-10-08,Marseille,Le Havre,3,0,H,14,7,6,1,2324,1573.6101506482541,1418.9278747494006,0.0,1.0,0.7541150624087024
2023-10-08,Brest,Toulouse,1,1,D,13,9,2,3,2324,1519.8831271303873,1460.780309184639,0.0,0.0,0.6388743124466961
2023-10-08,Lyon,Lorient,3,3,D,9,6,6,5,2324,1507.3081661923002,1463.800269435144,0.0,0.0,0.6179155394672797
2023-10-08,Lens,Lille,1,1,D,14,8,5,3,2324,1615.0999963664738,1563.5313169256506,0.0,0.0,0.6288092081074101
2023-10-08,Rennes,Paris SG,1,3,A,14,17,4,7,2324,1576.12660263252,1649.0188837283638,0.0,0.0,0.45280511627826436
2023-10-20,Le Havre,Lens,0,0,D,14,13,5,7,2324,1414.0101759975746,1612.5238122043256,1.0,0.0,0.286493062387233
2023-10-21,Paris SG,Strasbourg,3,0,H,8,7,4,1,2324,1658.074986053929,1478.2790717994899,0.0,0.0,0.7799280252251276
2023-10-21,Nice,Marseille,1,0,H,10,9,2,1,2324,1586.9300571014735,1578.5278494000802,0.0,0.0,0.5692092159678113
2023-10-22,Lorient,Rennes,2,1,H,5,20,4,6,2324,1466.1585802244895,1567.0705003069547,0.0,0.0,0.4132279107802857
2023-10-22,Lille,Brest,1,0,H,6,9,4,1,2324,1566.1075010877987,1517.1056408814534,0.0,0.0,0.6253539020985164
2023-10-22,Nantes,Montpellier,2,0,H,14,11,5,6,2324,1456.3753390449915,1480.387022220831,0.0,0.0,0.5229928094369343
2023-10-22,Toulouse,Reims,1,1,D,11,15,5,4,2324,1463.557795433573,1506.761813470012,0.0,0.0,0.49538917810088173
2023-10-22,Monaco,Metz,2,1,H,27,8,13,4,2324,1588.6552306106437,1407.0505812632816,0.0,1.0,0.7817099200594713
2023-10-22,Lyon,Clermont,1,2,A,25,12,6,5,2324,1504.9498554029547,1460.745618193943,0.0,0.0,0.6188614716654325
2023-10-27,Clermont,Nice,0,1,A,8,11,3,5,2324,1473.1228476272518,1595.5458727821172,0.0,0.0,0.3835599667513358
2023-10-28,Reims,Lorient,1,0,H,12,9,5,1,2324,1506.6695970320295,1477.8940220088837,0.0,0.0,0.5977031638152103
2023-10-28,Lens,Nantes,4,0,H,11,11,7,1,2324,1608.2536734520702,1465.9154828562528,0.0,0.0,0.7407024980468173
2023-10-29,Brest,Paris SG,2,3,A,20,17,5,10,2324,1509.6127189234237,1662.4764255494265,0.0,0.0,0.3430581091696182
2023-10-29,Lille,Monaco,2,0,H,7,16,5,6,2324,1573.6004230458284,1593.0210322094542,0.0,0.0,0.5295815369852662
2023-10-29,Metz,Le Havre,0,0,D,9,12,3,1,2324,1402.684779664471,1418.28031474983,1.0,1.0,0.5350632010943074
2023-10-29,Montpellier,Toulouse,3,0,H,19,16,6,5,2324,1470.8468784095699,1463.6500118715553,0.0,0.0,0.5675070148504592
2023-10-29,Rennes,Strasbourg,1,1,D,20,11,3,3,2324,1555.3350585225605,1473.8776323039924,0.0,0.0,0.6680026486633669
2023-11-03,Paris SG,Montpellier,3,0,H,21,7,10,2,2324,1669.3375877328187,1479.4967381125607,0.0,0.0,0.7896920684406056
2023-11-04,Lorient,Lens,0,0,D,7,14,2,7,2324,1469.8480852851878,1613.439623491134,0.0,0.0,0.3551858804710493
2023-11-04,Marseille,Lille,0,0,D,8,10,3,1,2324,1569.9120337194365,1583.008792306123,0.0,0.0,0.5386396798357863
2023-11-05,Lyon,Metz,1,1,D,15,10,4,5,2324,1492.572625969646,1401.983515642585,0.0,1.0,0.679555833900862
2023-11-05,Nantes,Reims,0,1,A,17,7,4,4,2324,1460.729532817189,1514.7155337557253,0.0,0.0,0.4798833915894659
2023-11-05,Strasbourg,Clermont,0,0,D,18,10,5,2,2324,1477.2376852772597,1465.451648292225,0.0,0.0,0.5739790544102192
2023-11-05,Toulouse,Le Havre,1,2,A,17,15,5,7,2324,1455.0001521685645,1418.9815787717162,0.0,1.0,0.6076865538345468
2023-11-05,Monaco,Brest,2,0,H,12,15,6,1,2324,1583.6126629491596,1502.7515567400314,0.0,0.0,0.66724092405364
2023-11-05,Nice,Rennes,2,0,H,16,11,4,4,2324,1603.217072117144,1551.9750055492932,0.0,0.0,0.6283702630696089
2023-11-10,Montpellier,Nice,0,0,D,9,15,1,4,2324,1475.2905794813728,1610.6496668557518,0.0,0.0,0.36611245312167046
2023-11-11,Reims,Paris SG,0,3,A,19,14,6,6,2324,1524.3132015875146,1673.5437463640067,0.0,0.0,0.3477868666276647
2023-11-11,Le Havre,Monaco,0,0,D,9,10,5,4,2324,1431.1353098484071,1590.2678444680869,1.0,0.0,0.33497204522715224
2023-11-12,Clermont,Lorient,1,0,H,17,10,6,3,2324,1466.9312293804294,1472.7443676757669,0.0,0.0,0.5490406785382947
2023-11-12,Lille,Toulouse,1,1,D,13,2,6,1,2324,1583.7815859028387,1442.8464210918735,0.0,0.0,0.7391483004680719
2023-11-12,Metz,Nantes,3,1,H,9,16,4,3,2324,1405.5746323206022,1451.1318649853997,1.0,0.0,0.49200318127458864
2023-11-12,Rennes,Lyon,0,1,A,8,12,2,5,2324,1544.5424108106854,1488.9815092916288,0.0,0.0,0.63415711369231
2023-11-12,Lens,Marseille,1,0,H,14,8,3,2,2324,1610.543341100555,1569.1392401227208,0.0,0.0,0.6150522643940384
2023-11-24,Paris SG,Monaco,5,2,H,16,14,11,7,2324,1680.49948369656,1586.96728537263,0.0,0.0,0.6832337937775718
2023-11-25,Clermont,Lens,0,3,A,13,16,4,10,2324,1475.9504158096636,1618.2422958126742,0.0,0.0,0.356901195255155
2023-11-25,Strasbourg,Marseille,1,1,D,15,16,7,3,2324,1475.7581041890553,1561.4402854106015,0.0,0.0,0.4346343041299711
2023-11-26,Nice,Toulouse,1,0,H,8,19,3,3,2324,1607.9719159181852,1447.629387101235,0.0,0.0,0.7601066496466531
2023-11-26,Lorient,Metz,2,3,A,11,14,5,5,2324,1463.7251812465327,1415.7345686951105,0.0,1.0,0.6239890798277504
2023-11-26,Montpellier,Brest,1,3,A,17,17,5,5,2324,1477.9683304189393,1496.0963752211042,0.0,0.0,0.5314347591523992
2023-11-26,Nantes,Le Havre,0,0,D,19,6,3,0,2324,1440.9719286108914,1434.435868943864,0.0,1.0,0.5665731338011207
2023-11-26,Rennes,Reims,3,1,H,10,15,5,5,2324,1531.8592685368392,1517.3574642549613,0.0,0.0,0.577797305011904
2023-11-26,Lyon,Lille,0,2,A,11,15,5,8,2324,1501.664651565475,1578.9986198934773,0.0,0.0,0.4464779441723195
2023-11-29,Montpellier,Clermont,1,1,D,32,5,10,1,2324,1467.3396352358914,1468.8123919045604,0.0,0.0,0.5552190089173521
2023-12-01,Reims,Strasbourg,2,1,H,13,10,4,3,2324,1508.9134103551994,1477.0654181064558,0.0,0.0,0.601948449731862
2023-12-02,Lens,Lyon,3,2,H,10,12,7,7,2324,1625.3803197177774,1492.7350926820286,0.0,0.0,0.7298429298735314
2023-12-02,Nantes,Nice,1,0,H,13,13,4,6,2324,1439.6404659348689,1612.7697829252522,0.0,0.0,0.31726834692263206
2023-12-03,Le Havre,Paris SG,0,2,A,22,9,7,5,2324,1435.7673316198866,1686.8348078210086,1.0,0.0,0.2288171907969602
2023-12-03,Brest,Clermont,3,0,H,12,10,7,1,2324,1506.7250704041521,1469.9167720829075,0.0,0.0,0.6087698097272252
2023-12-03,Monaco,Montpellier,2,0,H,27,9,9,4,2324,1580.6319612481814,1466.2352550575442,0.0,0.0,0.708638113074922
2023-12-03,Toulouse,Lorient,1,1,D,11,11,6,5,2324,1442.831520094168,1451.2453996499776,0.0,0.0,0.5453312621104106
2023-12-03,Lille,Metz,2,0,H,16,7,6,4,2324,1587.9281787769237,1428.2143502916656,0.0,1.0,0.75944610729314
2023-12-03,Marseille,Rennes,2,0,H,5,10,2,0,2324,1560.132971493201,1540.303322436601,0.0,0.0,0.5852606723692013
2023-12-06,Marseille,Lyon,3,0,H,12,6,5,1,2324,1568.427758045817,1487.3319512794992,0.0,0.0,0.6675408294076187
2023-12-07,Brest,Strasbourg,1,1,D,13,9,3,5,2324,1514.5496742096077,1469.1043871010932,0.0,0.0,0.6205451176077192
2023-12-08,Montpellier,Lens,0,0,D,18,13,4,5,2324,1460.4080173190428,1630.7834611203068,0.0,0.0,0.3207120616918758
2023-12-09,Rennes,Monaco,1,2,A,15,12,5,5,2324,1532.0085358839851,1586.4591989866828,0.0,0.0,0.4792158077378804
2023-12-09,Paris SG,Nantes,2,1,H,16,10,6,4,2324,1691.4111516369478,1453.2950989964163,0.0,0.0,0.8321531710103913
2023-12-10,Nice,Reims,2,1,H,15,9,5,2,2324,1599.1151498637048,1516.874441360562,0.0,0.0,0.6690018596730292
2023-12-10,Clermont,Lille,0,0,D,16,12,5,3,2324,1462.092168277452,1592.739256631061,0.0,0.0,0.3724298906059688
2023-12-10,Metz,Brest,0,1,A,6,4,3,3,2324,1423.4032724375284,1512.1387718574533,1.0,0.0,0.43032039114042897
2023-12-10,Strasbourg,Le Havre,2,1,H,12,15,3,3,2324,1471.5152894532475,1431.1909878039473,0.0,1.0,0.6135795387920367
2023-12-10,Lyon,Toulouse,3,0,H,15,16,7,6,2324,1480.6827678676516,1441.9248948519596,0.0,0.0,0.6114394127010724
2023-12-10,Lorient,Marseille,2,4,A,15,18,9,8,2324,1452.1520248921859,1575.0769414576646,0.0,0.0,0.3828770886434913
2023-12-15,Monaco,Lyon,0,1,A,19,5,4,2,2324,1596.0435151414404,1488.45397961363,0.0,0.0,0.7004818966431391
2023-12-16,Le Havre,Nice,3,1,H,9,13,5,6,2324,1423.462578579788,1605.7351126702442,1.0,0.0,0.305978831584982
2023-12-16,Lens,Reims,2,0,H,7,14,2,3,2324,1627.1977023541444,1510.2544785540226,0.0,0.0,0.7116554628079695
2023-12-17,Nantes,Brest,0,2,A,12,14,4,8,2324,1449.9381624166242,1520.7451796802618,0.0,0.0,0.4557809656716122
2023-12-17,Lorient,Strasbourg,1,2,A,7,12,1,9,2324,1444.494483119316,1479.2436986774069,0.0,0.0,0.5075559109862313
2023-12-17,Metz,Montpellier,0,1,A,19,6,4,3,2324,1414.7968646147199,1463.9937760852051,1.0,0.0,0.48676767097663204
2023-12-17,Toulouse,Rennes,0,0,D,15,11,6,4,2324,1434.1536831059811,1522.4242197292276,0.0,0.0,0.43097665312439387
2023-12-17,Marseille,Clermont,2,1,H,15,5,6,2,2324,1582.7344832305344,1464.6435704653325,0.0,0.0,0.7130092580357724
2023-12-17,Lille,Paris SG,1,1,D,15,10,3,2,2324,1590.1878544431804,1694.76808821674,0.0,0.0,0.4081173317171827
2023-12-20,Brest,Lorient,4,0,H,12,7,7,3,2324,1529.860798993694,1434.3433648995915,0.0,0.0,0.6857018940502082
2023-12-20,Clermont,Rennes,1,3,A,14,25,6,11,2324,1458.903755626048,1521.0437527917154,0.0,0.0,0.46818104083926887
2023-12-20,Lyon,Nantes,1,0,H,8,7,7,0,2324,1502.4636175464927,1440.822543103192,0.0,0.0,0.6422384748095127
2023-12-20,Montpellier,Marseille,1,1,D,12,17,6,4,2324,1473.7291295047378,1588.4742980698188,0.0,0.0,0.3940623906399133
2023-12-20,Nice,Lens,2,0,H,14,10,5,3,2324,1591.8546893019438,1632.964593097985,0.0,0.0,0.4984027254738666
2023-12-20,Paris SG,Metz,3,1,H,13,3,5,1,2324,1692.9304348510836,1405.0615111951872,0.0,1.0,0.8684548249485512
2023-12-20,Reims,Le Havre,1,0,H,22,4,7,1,2324,1504.487587810182,1437.3430019480884,0.0,1.0,0.6494844481458046
2023-12-20,Strasbourg,Lille,2,1,H,9,9,2,2,2324,1489.3948168971315,1592.0255078088367,0.0,0.0,0.4108309742528648
2023-12-20,Toulouse,Monaco,1,2,A,20,12,5,4,2324,1435.5341500434934,1582.0338772085777,0.0,0.0,0.3513610971266085
2024-01-12,Marseille,Strasbourg,1,1,D,8,18,2,4,2324,1586.355545882617,1501.1781974120743,0.0,0.0,0.6727344471413801
2024-01-13,Monaco,Reims,1,3,A,9,12,5,5,2324,1589.0610991511098,1511.497898847266,0.0,0.0,0.663012539151905
2024-01-13,Rennes,Nice,2,0,H,15,9,5,2,2324,1530.4073736085008,1601.8866347924666,0.0,0.0,0.4548212609273552
2024-01-14,Lille,Lorient,3,0,H,24,1,10,0,2324,1580.2421272938939,1428.0574027805956,0.0,0.0,0.7514394590556641
2024-01-14,Brest,Montpellier,2,0,H,26,9,9,4,2324,1536.14676111269,1475.8478816919396,0.0,0.0,0.6404612733831155
2024-01-14,Metz,Toulouse,0,1,A,14,4,2,2,2324,1402.4306076941582,1428.5069281009612,1.0,0.0,0.5200270653182169
2024-01-14,Nantes,Clermont,1,2,A,20,15,9,6,2324,1433.6673125993823,1449.5401348092626,0.0,0.0,0.5346660931082786
2024-01-14,Le Havre,Lyon,3,1,H,14,9,7,2,2324,1430.3326909110044,1509.6188480503024,1.0,0.0,0.44370240887298207
2024-01-14,Lens,Paris SG,0,2,A,17,15,5,7,2324,1622.9326476074623,1695.5613383521127,0.0,0.0,0.45318110046323823
2024-01-26,Lyon,Rennes,2,3,A,12,11,6,5,2324,1498.492896227762,1541.3109483899536,0.0,0.0,0.4959445858702427
2024-01-27,Nice,Metz,1,0,H,15,2,9,1,2324,1590.9830600110138,1392.0300663877938,0.0,1.0,0.7982711733251893
2024-01-27,Marseille,Monaco,2,2,D,22,6,9,5,2324,1582.9008569397893,1575.8008483680717,0.0,0.0,0.5673701607920772
2024-01-28,Montpellier,Lille,0,0,D,12,12,7,0,2324,1468.657107159602,1585.2133381127805,0.0,0.0,0.39157583207754315
2024-01-28,Clermont,Strasbourg,1,1,D,14,6,6,2,2324,1460.233456671428,1504.632886354902,0.0,0.0,0.4936690501120555
2024-01-28,Lorient,Le Havre,3,3,D,13,14,6,5,2324,1423.086191961709,1441.4586427335448,0.0,1.0,0.5310844054850495
2024-01-28,Reims,Nantes,0,0,D,10,7,1,5,2324,1524.7581496303042,1422.9739907372168,0.0,0.0,0.6934238442806674
2024-01-28,Toulouse,Lens,0,2,A,13,13,4,5,2324,1438.9074694073256,1613.8690255981976,0.0,0.0,0.3149881391642841
2024-01-28,Paris SG,Brest,2,2,D,10,9,4,6,2324,1704.6249603613774,1543.3375356450276,0.0,0.0,0.7610970649315829
2024-02-02,Strasbourg,Paris SG,1,2,A,20,9,8,5,2324,1504.506267357143,1699.4030190627457,0.0,0.0,0.29076792112635286
2024-02-03,Rennes,Montpellier,2,1,H,9,17,3,9,2324,1551.2298401073585,1470.825590518051,0.0,0.0,0.6666567543782542
2024-02-03,Nantes,Lens,0,1,A,7,12,2,4,2324,1426.84246762283,1620.1687883814832,0.0,0.0,0.2926357138548833
2024-02-04,Monaco,Le Havre,1,1,D,17,3,5,0,2324,1577.1482515839132,1442.0803308432457,0.0,1.0,0.7325838921825142
2024-02-04,Lille,Clermont,4,0,H,23,4,13,3,2324,1583.0448547543315,1460.360075669187,0.0,0.0,0.7183898798088773
2024-02-04,Metz,Lorient,1,2,A,10,12,3,4,2324,1387.9954898542976,1422.464503852008,1.0,0.0,0.5079590563581521
2024-02-04,Reims,Toulouse,2,3,A,17,9,5,4,2324,1520.8896727446909,1432.60770662404,0.0,0.0,0.6766568991283555
2024-02-04,Brest,Nice,0,0,D,17,13,2,1,2324,1548.5594769436593,1595.01763654451,0.0,0.0,0.49070703150137085
2024-02-04,Lyon,Marseille,1,0,H,12,8,7,1,2324,1488.574004510357,1581.5534537239478,0.0,0.0,0.4243419451589432
2024-02-09,Marseille,Metz,1,1,D,18,7,6,3,2324,1570.0402926271267,1377.8363087271346,0.0,1.0,0.791942380590146
2024-02-10,Lens,Strasbourg,3,1,H,10,19,6,5,2324,1626.0215026585809,1498.6909089346161,0.0,0.0,0.7237685038320484
2024-02-10,Paris SG,Lille,3,1,H,16,10,8,3,2324,1705.2183774852726,1588.677057158154,0.0,0.0,0.7111804869971472
2024-02-11,Le Havre,Rennes,0,1,A,13,11,5,2,2324,1446.732008686896,1557.8967050197934,1.0,0.0,0.39899438759834066
2024-02-11,Clermont,Brest,1,1,D,7,15,2,9,2324,1454.7278732653645,1548.745336313632,0.0,0.0,0.4228829904656714
2024-02-11,Lorient,Reims,2,0,H,17,23,5,6,2324,1432.623684979171,1507.3565347621238,0.0,0.0,0.45018126080228743
2024-02-11,Toulouse,Nantes,1,2,A,16,5,3,2,2324,1446.140844606607,1420.9897533457324,0.0,0.0,0.5926762151105269
2024-02-11,Montpellier,Lyon,1,2,A,15,19,8,5,2324,1464.1587256056162,1500.0871656071781,0.0,0.0,0.5058591776326241
2024-02-11,Nice,Monaco,2,3,A,15,9,5,5,2324,1594.8317771745374,1572.4965737402629,0.0,0.0,0.5887572472776446
2024-02-16,Lyon,Nice,1,0,H,9,20,1,6,2324,1510.2043491598306,1583.0566322289844,0.0,0.0,0.4528621658428315
2024-02-17,Lille,Le Havre,3,0,H,17,6,8,2,2324,1582.900666898097,1438.7521209349293,0.0,1.0,0.7426989999305486
2024-02-17,Nantes,Paris SG,0,2,A,12,12,7,2,2324,1432.843277647943,1710.9947677453297,0.0,0.0,0.20247283337612038
2024-02-18,Strasbourg,Lorient,1,3,A,18,13,4,6,2324,1493.166279011257,1443.6200597631253,0.0,0.0,0.6260877689994124
2024-02-18,Monaco,Toulouse,1,2,A,22,14,5,7,2324,1584.2717186858158,1434.2873203043964,0.0,0.0,0.7490661819998188
2024-02-18,Montpellier,Metz,3,0,H,21,14,7,4,2324,1454.0415420529637,1383.6751563389375,0.0,1.0,0.6536947722895181
2024-02-18,Rennes,Clermont,3,1,H,16,14,8,5,2324,1565.8765927717602,1456.2702134560511,0.0,0.0,0.7029120484726362
2024-02-18,Reims,Lens,1,1,D,11,9,2,1,2324,1496.3601599781696,1631.54613258194,0.0,0.0,0.3663437524949241
2024-02-18,Brest,Marseille,1,0,H,15,9,5,2,2324,1547.2029961229453,1564.2014450153238,0.0,0.0,0.5330536163532145
2024-02-23,Metz,Lyon,1,2,A,15,11,4,5,2324,1376.749051784728,1521.147105842974,1.0,0.0,0.3541232893845317
2024-02-24,Lorient,Nantes,0,1,A,6,7,1,6,2324,1456.1418151431135,1428.7938209804206,0.0,0.0,0.595725579641328
2024-02-24,Strasbourg,Brest,0,3,A,6,15,2,8,2324,1480.6445236312688,1556.5419237958808,0.0,0.0,0.4485225361952043
2024-02-25,Lens,Monaco,2,3,A,20,15,10,9,2324,1628.8730076318384,1569.2903950458194,0.0,0.0,0.6395112811230776
2024-02-25,Le Havre,Reims,1,2,A,18,16,4,5,2324,1433.6061009335403,1499.033284928271,1.0,0.0,0.46347253227288093
2024-02-25,Nice,Clermont,0,0,D,23,13,4,5,2324,1572.113875545841,1450.3284544255039,0.0,0.0,0.7173413347947238
2024-02-25,Toulouse,Lille,3,1,H,14,12,4,2,2324,1449.2686439443928,1588.0466868994858,0.0,0.0,0.3615571318476138
2024-02-25,Paris SG,Rennes,1,1,D,15,3,3,1,2324,1715.0442244128521,1571.8183518023075,0.0,0.0,0.7416827110885468
2024-02-25,Marseille,Montpellier,4,1,H,16,9,6,4,2324,1554.862517342388,1460.9676466071733,0.0,0.0,0.6836854543067042
2024-03-01,Monaco,Paris SG,0,0,D,14,14,6,7,2324,1582.080620668281,1710.2105701910812,0.0,0.0,0.37582274760962386
2024-03-02,Reims,Lille,0,1,A,8,8,3,3,2324,1508.3027355737288,1575.277829536438,0.0,0.0,0.46125753521743146
2024-03-02,Clermont,Marseille,1,5,A,7,17,2,11,2324,1454.6752811213983,1561.1888082562539,0.0,0.0,0.40543182787978194
2024-03-03,Toulouse,Nice,2,1,H,17,9,6,6,2324,1462.0375013074406,1567.7670488499466,0.0,0.0,0.4065201679087149
2024-03-03,Brest,Le Havre,1,0,H,8,11,4,2,2324,1565.512374519785,1424.3366502880826,0.0,1.0,0.739415207152842
2024-03-03,Montpellier,Strasbourg,2,2,D,21,12,7,4,2324,1454.6413556933073,1471.6740729073647,0.0,0.0,0.533004515473522
2024-03-03,Nantes,Metz,0,2,A,9,13,2,4,2324,1440.7083325732472,1369.6665859970374,0.0,1.0,0.6545743327101002
2024-03-03,Rennes,Lorient,1,2,A,22,12,6,6,2324,1576.6520060240784,1444.227303550287,0.0,0.0,0.7295925582626275
2024-03-03,Lyon,Lens,0,3,A,13,18,4,8,2324,1528.2295716306646,1616.0827820093768,0.0,0.0,0.43156588608801605
2024-03-08,Nice,Montpellier,1,2,A,19,7,5,2,2324,1555.897452208121,1453.981265383837,0.0,0.0,0.693585389757088
2024-03-09,Lorient,Lyon,0,2,A,9,13,0,6,2324,1458.8191547155395,1519.5982539089043,0.0,0.0,0.4701320753463663
2024-03-09,Lens,Brest,1,0,H,6,9,2,3,2324,1624.7140997311371,1570.7240703767282,0.0,0.0,0.6320566642093938
2024-03-10,Paris SG,Reims,2,2,D,19,8,6,3,2324,1707.7270251432737,1499.0775848693802,0.0,0.0,0.8071102099132178
2024-03-10,Le Havre,Toulouse,1,0,H,12,5,4,0,2324,1419.1249544311395,1473.9070979492662,1.0,0.0,0.47873961239322554
2024-03-10,Metz,Clermont,1,0,H,11,13,2,6,2324,1382.7580726512394,1446.5666445638026,1.0,0.0,0.46579024245331707
2024-03-10,Strasbourg,Monaco,0,1,A,8,17,1,6,2324,1472.3341632168351,1584.5641657160884,0.0,0.0,0.39752476720119384
2024-03-10,Lille,Rennes,2,2,D,15,11,8,3,2324,1584.5029802407867,1562.0601548588259,0.0,0.0,0.5889072389593966
2024-03-10,Marseille,Nantes,2,0,H,12,10,4,3,2324,1569.2974448138496,1427.616845919045,0.0,0.0,0.7399748028063153
2024-03-15,Toulouse,Lyon,2,3,A,13,18,5,6,2324,1463.4818901971307,1529.0008954158316,0.0,0.0,0.4633410986916657
2024-03-16,Nantes,Strasbourg,1,3,A,11,11,2,6,2324,1422.4163419751715,1464.3836678728112,0.0,0.0,0.49716882070552265
2024-03-16,Lens,Nice,1,3,A,20,7,4,3,2324,1632.0729664469493,1542.0257444129793,0.0,0.0,0.6788761829256584
2024-03-17,Brest,Lille,1,1,D,16,13,4,8,2324,1563.365203660916,1582.7248354615988,0.0,0.0,0.5296689823948914
2024-03-17,Clermont,Le Havre,2,1,H,9,14,4,5,2324,1435.882449412869,1429.550162183275,0.0,1.0,0.5662850579800386
2024-03-17,Monaco,Lorient,2,2,D,23,11,8,6,2324,1592.5146610601123,1449.4165132086123,0.0,0.0,0.7415418212801648
2024-03-17,Reims,Metz,2,1,H,17,12,7,4,2324,1505.2197890676446,1393.442267802173,0.0,1.0,0.705515349088108
2024-03-17,Rennes,Marseille,2,0,H,7,8,4,1,2324,1563.8382996380137,1574.4979487577232,0.0,0.0,0.5421240704807735
2024-03-17,Montpellier,Paris SG,2,6,A,12,16,7,9,2324,1467.8529731789786,1701.5848209450094,0.0,0.0,0.24690082985206802
2024-03-29,Lille,Lens,2,1,H,15,9,6,3,2324,1583.3182151094966,1618.495442788436,0.0,0.0,0.5069400815422797
2024-03-30,Metz,Monaco,2,5,A,13,17,7,7,2324,1387.5525747839351,1587.683824634509,1.0,0.0,0.2845933970223907
2024-03-30,Lyon,Reims,1,1,D,16,17,3,5,2324,1538.2677173896648,1511.1094820858825,0.0,0.0,0.5954624767381802
2024-03-31,Lorient,Brest,0,1,A,11,10,5,2,2324,1454.2473496342157,1562.7718240130182,0.0,0.0,0.4026444499440332
2024-03-31,Clermont,Toulouse,0,3,A,15,11,5,5,2324,1444.556748253268,1454.2150682232975,0.0,0.0,0.5435545196202343
2024-03-31,Le Havre,Montpellier,0,2,A,14,14,3,5,2324,1420.8758633428758,1462.9149565819373,1.0,0.0,0.49706554263265623
2024-03-31,Nice,Nantes,1,2,A,12,13,3,4,2324,1555.6032680714925,1412.472965561061,0.0,0.0,0.7415772949497139
2024-03-31,Strasbourg,Rennes,2,0,H,14,12,7,0,2324,1474.3270442869216,1572.9958182283983,0.0,0.0,0.4163623019805406
2024-03-31,Marseille,Paris SG,0,2,A,22,8,10,3,2324,1565.3404301673386,1706.5228375420506,0.0,0.0,0.35836840975025674
2024-04-05,Lille,Marseille,3,1,H,14,13,6,4,2324,1593.179413478651,1558.1730619723335,0.0,0.0,0.606296551256874
2024-04-06,Lens,Le Havre,1,1,D,18,11,8,3,2324,1608.6342444192817,1410.9345524902228,0.0,1.0,0.7971068773081127
2024-04-06,Paris SG,Clermont,1,1,D,23,6,7,3,2324,1713.6902057370557,1433.6856578608633,0.0,0.0,0.8631962029457807
2024-04-07,Brest,Metz,4,3,H,24,8,10,6,2324,1570.824713011899,1381.8607068434874,0.0,1.0,0.7888525586482326
2024-04-07,Montpellier,Lorient,2,0,H,13,19,5,5,2324,1472.8562674345903,1446.194460635335,0.0,0.0,0.5947739135279884
2024-04-07,Reims,Nice,0,0,D,10,18,3,3,2324,1513.0187316206461,1540.7717221724981,0.0,0.0,0.5176175671095943
2024-04-07,Toulouse,Strasbourg,0,0,D,11,8,2,1,2324,1465.0861586157023,1485.9997982473108,0.0,0.0,0.5274398829419612
2024-04-07,Monaco,Rennes,1,0,H,16,12,5,7,2324,1593.3756925749567,1561.3230642680091,0.0,0.0,0.6022306674500081
2024-04-07,Nantes,Lyon,1,3,A,14,19,6,10,2324,1427.3045114600554,1536.3584678549012,0.0,0.0,0.4019115708312411
2024-04-12,Metz,Lens,2,1,H,11,17,5,2,2324,1377.637758016452,1602.6921068731194,1.0,0.0,0.25630583875408425
2024-04-13,Strasbourg,Reims,3,1,H,13,8,6,2,2324,1486.54859590615,1512.6663802784542,0.0,0.0,0.5199674893235667
2024-04-13,Rennes,Toulouse,1,2,A,19,10,4,3,2324,1553.3676776170093,1464.537360956863,0.0,0.0,0.6773471446822571
2024-04-14,Le Havre,Nantes,0,1,A,10,12,1,4,2324,1416.876690036385,1419.2662800434307,1.0,0.0,0.5539152952580716
2024-04-14,Clermont,Montpellier,1,1,D,10,14,2,6,2324,1440.949581919779,1480.9607891640305,0.0,0.0,0.49998387147903856
2024-04-14,Lyon,Brest,4,3,H,16,22,8,7,2324,1544.396699271526,1575.0476618389343,0.0,0.0,0.5134511000006409
2024-04-19,Nice,Lorient,3,0,H,19,9,10,4,2324,1541.12407351469,1438.0899389058948,0.0,0.0,0.6949513699948819
2024-04-20,Nantes,Rennes,0,3,A,6,14,4,5,2324,1430.344585948592,1539.8207347233642,0.0,0.0,0.401327509752779
2024-04-20,Lens,Clermont,1,0,H,17,8,4,1,2324,1587.8182236482012,1440.9499044901982,0.0,0.0,0.7456794837892631
2024-04-21,Le Havre,Metz,0,1,A,16,9,4,2,2324,1405.7983841312237,1392.5116412413702,1.0,1.0,0.5760901024805628
2024-04-21,Lille,Strasbourg,1,0,H,6,8,2,2,2324,1601.0534824535134,1496.1492461196788,0.0,0.0,0.6972287198043241
2024-04-21,Reims,Montpellier,1,2,A,22,12,4,5,2324,1503.0657300649254,1480.9604665936113,0.0,0.0,0.58843672690446
2024-04-21,Brest,Monaco,0,2,A,12,8,2,3,2324,1565.3166838389473,1601.3310792259565,0.0,0.0,0.5057354945197603
2024-04-21,Toulouse,Marseille,2,2,D,10,11,3,3,2324,1478.0843038505081,1550.298992997471,0.0,0.0,0.45377173831469847
2024-04-21,Paris SG,Lyon,4,1,H,14,16,6,6,2324,1706.4262816781402,1554.127677271513,0.0,0.0,0.7515618804542541
2024-04-24,Lorient,Paris SG,1,4,A,11,15,6,7,2324,1431.9889663057925,1711.395044069055,0.0,0.0,0.2013091498406158
2024-04-24,Marseille,Nice,2,2,D,11,10,4,4,2324,1549.374427763765,1547.2250461147923,0.0,0.0,0.5603620005463407
2024-04-24,Monaco,Lille,1,0,H,19,13,7,4,2324,1611.4457891163518,1607.108908057427,0.0,0.0,0.563461787374675
2024-04-26,Montpellier,Nantes,1,1,D,8,15,1,5,2324,1492.7292011317004,1422.3180357535366,0.0,0.0,0.6537531239717105
2024-04-27,Paris SG,Le Havre,3,3,D,17,6,4,4,2324,1715.4212270658675,1394.2765820816123,0.0,1.0,0.8888369422877161
2024-04-28,Metz,Lille,1,2,A,5,14,2,4,2324,1404.0334432909815,1598.3781438049205,1.0,0.0,0.29142370149048674
2024-04-28,Clermont,Reims,4,1,H,12,10,6,3,2324,1435.8634941659834,1491.2969955268363,0.0,0.0,0.47780400358278896
2024-04-28,Lorient,Toulouse,1,2,A,15,14,5,5,2324,1427.96278330898,1479.0088690842142,0.0,0.0,0.48410875868878245
2024-04-28,Strasbourg,Nice,1,3,A,13,8,5,4,2324,1490.0938205157652,1548.4322861257192,0.0,0.0,0.4736333076484341
2024-04-28,Rennes,Brest,4,5,A,21,10,7,5,2324,1547.8472849184197,1555.201973948552,0.0,0.0,0.5468426081396514
2024-04-28,Lyon,Monaco,3,2,H,15,13,4,5,2324,1549.158914880598,1620.1765533688583,0.0,0.0,0.45548024422194183
2024-04-28,Marseille,Lens,2,1,H,13,18,6,5,2324,1548.1671877528381,1592.904633972416,0.0,0.0,0.49318268934719206
2024-05-03,Toulouse,Montpellier,1,2,A,15,5,5,3,2324,1488.69104425799,1489.6541386522663,0.0,0.0,0.5559434082919845
2024-05-03,Lens,Lorient,2,0,H,18,11,6,5,2324,1582.7682877593597,1418.2806081352044,0.0,0.0,0.7644306047241967
2024-05-04,Le Havre,Strasbourg,3,1,H,15,5,7,3,2324,1402.0533209273667,1480.6211543627965,1.0,0.0,0.44472329041983477
2024-05-04,Monaco,Clermont,4,1,H,23,9,8,1,2324,1609.2861582532971,1446.3074140943277,0.0,0.0,0.7628628459901023
2024-05-04,Metz,Rennes,2,3,A,7,21,4,9,2324,1398.2049692611718,1536.9104327556267,1.0,0.0,0.36165357991307795
2024-05-04,Brest,Nantes,0,0,D,9,9,2,1,2324,1566.138826111345,1425.3930982329707,0.0,0.0,0.7389379909955692
2024-05-06,Lille,Lyon,3,4,A,8,11,5,7,2324,1604.2066178347302,1560.0493099961593,0.0,0.0,0.6187977494792986
2024-05-10,Brest,Reims,1,1,D,16,8,5,2,2324,1561.3600662914337,1480.853075598492,0.0,0.0,0.6667881712274228
2024-05-10,Nice,Le Havre,1,0,H,13,12,6,3,2324,1557.904952278688,1413.15885511897,0.0,1.0,0.7433557835183733
2024-05-12,Clermont,Lyon,0,1,A,18,6,5,2,2324,1441.5646710141298,1572.4252649857453,0.0,0.0,0.37214267790397076
2024-05-12,Marseille,Lorient,3,1,H,13,14,4,3,2324,1558.3035339658943,1413.5692202296882,0.0,0.0,0.7433428426756278
2024-05-12,Montpellier,Monaco,0,2,A,14,19,3,9,2324,1500.773006818106,1614.028901333495,0.0,0.0,0.39611126420228104
2024-05-12,Nantes,Lille,1,2,A,9,12,5,3,2324,1430.171858052882,1591.8306628451442,0.0,0.0,0.33174031345069827
2024-05-12,Paris SG,Toulouse,1,3,A,15,18,3,5,2324,1707.644488220113,1477.5721760921501,0.0,0.0,0.825585934641783
2024-05-12,Rennes,Lens,1,1,D,16,8,6,4,2324,1544.1435043538884,1587.479675664876,0.0,0.0,0.49519901110009706
2024-05-12,Strasbourg,Metz,2,1,H,10,11,2,2,2324,1469.5156201711932,1390.9718976629101,0.0,1.0,0.664272473894863
2024-05-15,Nice,Paris SG,1,2,A,12,11,4,4,2324,1563.0378366083205,1691.1327695272773,0.0,0.0,0.37587003350206233
2024-05-15,Reims,Marseille,1,0,H,10,19,3,3,2324,1484.1888390230406,1563.4366771123819,0.0,0.0,0.4437568559773433
2024-05-19,Le Havre,Marseille,1,2,A,13,22,6,7,2324,1408.0259707893374,1552.3118142319288,1.0,0.0,0.3542710418260626
2024-05-19,Lens,Montpellier,2,2,D,27,11,13,2,2324,1587.383655886878,1492.8507815340604,0.0,0.0,0.6844791627005253
2024-05-19,Lille,Nice,2,2,D,12,10,3,4,2324,1598.4654691141582,1555.5204359382792,0.0,0.0,0.617150272589289
2024-05-19,Lorient,Clermont,5,0,H,32,9,10,4,2324,1408.4360770832006,1434.1218174560504,0.0,0.0,0.5205882278866334
2024-05-19,Lyon,Strasbourg,2,1,H,15,10,6,4,2324,1579.8681185438247,1476.2301706932958,0.0,0.0,0.6956877249298943
2024-05-19,Metz,Paris SG,0,2,A,10,20,2,8,2324,1384.2573471408073,1698.6501701973186,1.0,0.0,0.1708617639485943
2024-05-19,Monaco,Nantes,4,0,H,10,6,6,3,2324,1621.9511266175407,1423.537051783868,0.0,0.0,0.797771139792611
2024-05-19,Reims,Rennes,2,1,H,6,15,4,5,2324,1495.3137019034937,1544.2395241318864,0.0,0.0,0.4871575344900617
2024-05-19,Toulouse,Brest,0,3,A,8,12,2,6,2324,1494.083894784986,1558.0243028668851,0.0,0.0,0.4656014080240978
2024-08-16,Le Havre,Paris SG,1,4,A,5,14,2,9,2425,1400.9405499528161,1702.0674054762906,0.0,0.0,0.181953650149462
2024-08-17,Brest,Marseille,1,5,A,7,7,5,5,2425,1567.3363310273671,1559.39723506845,0.0,0.0,0.5685553937170933
2024-08-17,Reims,Lille,0,2,A,2,21,0,6,2425,1505.5705512136924,1596.1224636623724,0.0,0.0,0.4277590191840433
2024-08-17,Monaco,St Etienne,1,0,H,13,7,6,4,2425,1625.9957038216885,1400.0,0.0,1.0,0.8221809955554504
2024-08-18,Auxerre,Nice,2,1,H,16,9,7,2,2425,1400.0,1557.863441390065,1.0,0.0,0.33660141502774726
2024-08-18,Angers,Lens,0,1,A,4,10,3,5,2425,1400.0,1583.6940726328673,1.0,0.0,0.30424388127259167
2024-08-18,Montpellier,Strasbourg,1,1,D,7,11,5,4,2425,1496.540364788071,1470.1439251918937,0.0,0.0,0.5944056870220857
2024-08-18,Toulouse,Nantes,0,0,D,7,6,3,2,2425,1484.771866624504,1419.4924745797202,0.0,0.0,0.6470362354965778
2024-08-18,Rennes,Lyon,3,0,H,22,16,8,2,2425,1533.9826748216876,1585.9543640452268,0.0,0.0,0.48277816960023984
2024-08-23,Paris SG,Montpellier,6,0,H,21,6,10,3,2425,1705.70647847928,1494.6522510476293,0.0,0.0,0.8092561870662832
2024-08-24,Lyon,Monaco,0,2,A,2,15,1,4,2425,1575.6099274372316,1629.5520839105795,0.0,0.0,0.4799463870301722
2024-08-24,Lille,Angers,2,0,H,11,5,6,2,2425,1604.6776440460533,1393.9151223745482,0.0,1.0,0.8089968511447301
2024-08-24,St Etienne,Le Havre,0,2,A,18,14,5,5,2425,1396.443619911109,1397.3014769498268,1.0,0.0,0.5560929560129364
2024-08-25,Lens,Brest,2,0,H,22,10,11,2,2425,1589.7789502583191,1555.9652231530254,0.0,0.0,0.6046566071616504
2024-08-25,Nantes,Auxerre,2,0,H,8,10,6,3,2425,1422.4331992896518,1413.267971699445,0.0,1.0,0.5702859220954222
2024-08-25,Nice,Toulouse,1,1,D,10,15,4,3,2425,1544.59546969062,1481.8311419145723,0.0,0.0,0.6437227779736129
2024-08-25,Strasbourg,Rennes,3,1,H,9,13,5,5,2425,1472.0320389323354,1544.3271114296829,0.0,0.0,0.4536570486946815
2024-08-25,Marseille,Reims,2,2,D,16,12,10,3,2425,1570.7683429427918,1497.0153708300115,0.0,0.0,0.6580946326934982
2024-08-30,Lyon,Strasbourg,4,3,H,22,14,13,7,2425,1566.0109996966282,1482.9588979584416,0.0,0.0,0.6700353263730208
2024-08-31,Brest,St Etienne,4,0,H,17,3,7,0,2425,1548.0583552962585,1385.3217607908502,0.0,1.0,0.7626105881308761
2024-08-31,Montpellier,Nantes,1,3,A,11,10,5,5,2425,1490.837374788955,1431.0274808477434,0.0,0.0,0.6398128455225559
2024-08-31,Toulouse,Marseille,1,3,A,4,11,2,5,2425,1484.7055974740445,1567.606450288922,0.0,0.0,0.43857258678723454
2024-09-01,Monaco,Lens,1,1,D,14,12,3,4,2425,1639.151011651183,1597.685818115086,0.0,0.0,0.615135525125876
2024-09-01,Angers,Nice,1,4,A,12,12,7,9,2425,1390.0950593974428,1541.7210141311477,1.0,0.0,0.3446656722082147
2024-09-01,Le Havre,Auxerre,3,1,H,21,7,8,2,2425,1408.4233360700855,1404.6736901413535,0.0,1.0,0.5626301246740153
2024-09-01,Reims,Rennes,2,1,H,11,13,7,5,2425,1500.1772634838815,1533.4002524035766,0.0,0.0,0.5097516662019036
2024-09-01,Lille,Paris SG,1,3,A,10,10,4,7,2425,1608.4977070231587,1709.5213547379542,0.0,0.0,0.41307197307581334
2024-09-13,St Etienne,Lille,1,0,H,10,17,5,4,2425,1380.5739725534677,1600.2362675616423,1.0,0.0,0.2622669218438924
2024-09-14,Marseille,Nice,2,0,H,10,12,5,4,2425,1576.3779020246666,1548.614327575312,0.0,0.0,0.5963015942492988
2024-09-14,Auxerre,Monaco,0,3,A,13,19,3,9,2425,1395.9262926348338,1636.8483011486653,1.0,0.0,0.23928562184687688
2024-09-14,Paris SG,Brest,3,1,H,22,5,9,3,2425,1717.7827941994706,1552.806143533641,0.0,0.0,0.7649370964519825
2024-09-15,Rennes,Montpellier,3,0,H,11,12,6,4,2425,1523.5952857276147,1478.0411178785039,0.0,0.0,0.6206926907912439
2024-09-15,Nantes,Reims,1,2,A,18,11,6,4,2425,1443.8237377581945,1509.9822301598433,0.0,0.0,0.4624258742504135
2024-09-15,Strasbourg,Angers,1,1,D,10,12,5,2,2425,1476.359604485902,1383.2017459532785,0.0,1.0,0.682767240528066
2024-09-15,Toulouse,Le Havre,2,0,H,15,5,7,3,2425,1475.9341457382998,1417.1707335766052,0.0,0.0,0.6384234267490125
2024-09-15,Lens,Lyon,0,0,D,12,8,5,3,2425,1599.9885286176036,1572.6102931691678,0.0,0.0,0.5957675044628584
2024-09-20,Nice,St Etienne,8,0,H,18,8,12,2,2425,1540.540359460298,1395.32863411659,0.0,1.0,0.7438668056544114
2024-09-21,Lille,Strasbourg,3,3,D,15,12,7,9,2425,1585.48160599852,1472.7042596753408,0.0,0.0,0.7067097063432445
2024-09-21,Rennes,Lens,1,1,D,11,10,6,2,2425,1531.1814319117898,1598.0731785283465,0.0,0.0,0.46137676375602404
2024-09-21,Reims,Paris SG,1,1,D,8,11,1,4,2425,1519.2307476448516,1722.484052270431,0.0,0.0,0.2809485080540269
2024-09-22,Monaco,Le Havre,3,1,H,14,9,4,2,2425,1641.6340135856028,1409.9392021115855,0.0,0.0,0.8269267291338915
2024-09-22,Angers,Nantes,1,1,D,4,9,1,3,2425,1386.8570907638398,1434.5752202731862,1.0,0.0,0.48889454551698225
2024-09-22,Brest,Toulouse,2,0,H,9,10,5,1,2425,1548.1048854626806,1483.1656772033195,0.0,0.0,0.6465888798123995
2024-09-22,Montpellier,Auxerre,3,2,H,14,11,5,6,2425,1470.4549716943288,1391.1405801978963,0.0,1.0,0.6652611173409371
2024-09-22,Lyon,Marseille,2,3,A,18,6,9,5,2425,1574.525643258425,1584.4518701396805,0.0,0.0,0.5431718704963235
2024-09-27,Auxerre,Brest,3,0,H,15,8,4,4,2425,1384.445802544715,1555.1731078664327,1.0,0.0,0.3202709598836437
2024-09-27,Paris SG,Rennes,3,1,H,22,13,7,5,2425,1718.1030224315116,1531.9538966366692,0.0,0.0,0.7861409610507984
2024-09-28,Lens,Nice,0,0,D,22,15,7,4,2425,1597.300713803467,1545.66302334721,0.0,0.0,0.6289019269440294
2024-09-28,Le Havre,Lille,0,3,A,7,18,4,10,2425,1406.4777366942633,1581.3474118716551,0.0,0.0,0.3151022734843835
2024-09-28,Monaco,Montpellier,2,1,H,21,9,7,4,2425,1645.095479002925,1477.1497493475101,0.0,0.0,0.7679963441040523
2024-09-29,Toulouse,Lyon,1,2,A,10,4,4,1,2425,1476.0974547995675,1563.6622058484984,0.0,0.0,0.43197328210916286
2024-09-29,Angers,Reims,1,3,A,14,21,3,10,2425,1387.0791998535,1523.611777483771,1.0,0.0,0.36454617946102624
2024-09-29,Nantes,St Etienne,2,2,D,16,5,3,3,2425,1434.353111183526,1390.205970229678,0.0,1.0,0.6187839440219811
2024-09-29,Strasbourg,Marseille,1,0,H,14,10,6,3,2425,1476.8384538022058,1595.315307549607,0.0,0.0,0.38894498623433704
2024-10-04,Marseille,Angers,1,1,D,13,8,4,3,2425,1583.0942072742937,1379.7882762642796,0.0,1.0,0.8022761514908795
2024-10-05,St Etienne,Auxerre,3,1,H,13,11,5,3,2425,1392.5816491101177,1398.040383347042,1.0,1.0,0.5495457498206775
2024-10-05,Lille,Toulouse,2,1,H,10,9,3,3,2425,1587.649457341343,1467.4579891573842,0.0,0.0,0.7154771745446793
2024-10-05,Rennes,Monaco,1,2,A,14,5,3,2,2425,1527.6767158576852,1649.735552120844,0.0,0.0,0.3840557734261537
2024-10-06,Lyon,Nantes,2,0,H,17,11,6,6,2425,1572.3016714906817,1431.9774323030863,0.0,0.0,0.7384696685974604
2024-10-06,Brest,Le Havre,2,0,H,8,14,3,0,2425,1541.5785270641056,1400.1756912245755,0.0,0.0,0.7396670307942596
2024-10-06,Reims,Montpellier,4,2,H,18,10,5,3,2425,1530.9027010729915,1472.5096762295912,0.0,0.0,0.6379311050979926
2024-10-06,Strasbourg,Lens,2,2,D,8,12,5,5,2425,1489.0595540775191,1594.7226752645865,0.0,0.0,0.4066124249882556
2024-10-06,Nice,Paris SG,1,1,D,9,19,3,9,2425,1548.2410618860904,1722.3802032104957,0.0,0.0,0.316010534095826
2024-10-18,Monaco,Lille,0,0,D,14,3,4,1,2425,1657.416667589367,1593.3399138504494,0.0,0.0,0.6454535667622009
2024-10-19,Brest,Rennes,1,1,D,12,6,2,4,2425,1546.7851864482204,1519.995600389162,0.0,0.0,0.5949511834604382
2024-10-19,St Etienne,Lens,0,2,A,15,13,1,5,2425,1401.5907341137042,1592.8549237643517,1.0,0.0,0.2950989591613228
2024-10-19,Paris SG,Strasbourg,4,2,H,18,16,10,8,2425,1718.7004138924121,1490.927305577754,0.0,0.0,0.823671916249435
2024-10-20,Le Havre,Lyon,0,4,A,7,16,1,8,2425,1394.9690318404607,1577.5322781187324,0.0,0.0,0.3056235751554414
2024-10-20,Auxerre,Reims,2,1,H,10,15,8,3,2425,1389.0312983434555,1538.1440789710316,1.0,0.0,0.34794065245435307
2024-10-20,Nantes,Nice,1,1,D,11,13,7,7,2425,1426.7468256750356,1551.920851204174,0.0,0.0,0.3798226378775361
2024-10-20,Toulouse,Angers,1,1,D,18,8,6,4,2425,1461.7675326482777,1385.8337992940972,0.0,1.0,0.6609136083795267
2024-10-20,Montpellier,Marseille,0,5,A,13,21,5,10,2425,1465.268298331551,1577.0486842444761,0.0,0.0,0.3981448024370047
2024-10-25,Rennes,Le Havre,1,0,H,20,5,4,1,2425,1521.894624058371,1388.856560337352,0.0,0.0,0.7302885734233847
2024-10-26,Angers,St Etienne,4,2,H,13,19,8,7,2425,1389.0520714616878,1395.6887549304777,1.0,1.0,0.5478666323555926
2024-10-26,Reims,Brest,1,2,A,11,13,3,4,2425,1525.1028920201186,1544.8861627790116,0.0,0.0,0.5290614198970125
2024-10-26,Lens,Lille,0,2,A,11,11,4,3,2425,1598.7569029475783,1596.2489851856935,0.0,0.0,0.5608703920073713
2024-10-27,Lyon,Auxerre,2,2,D,12,17,8,4,2425,1583.6447496218411,1402.0724852943686,0.0,1.0,0.781678107230112
2024-10-27,Montpellier,Toulouse,0,3,A,9,15,2,6,2425,1457.305402282811,1458.549260480687,0.0,0.0,0.555544378891556
2024-10-27,Nice,Monaco,2,1,H,17,11,9,5,2425,1549.5173039617246,1654.507596254123,0.0,0.0,0.4075472622078415
2024-10-27,Strasbourg,Nantes,3,1,H,9,8,5,6,2425,1487.4007439027425,1429.150372917485,0.0,0.0,0.6377414111900479
2024-10-27,Marseille,Paris SG,0,3,A,5,19,1,8,2425,1585.0115802932162,1722.2269755674236,0.0,0.0,0.3636361294581966
2024-11-01,Monaco,Angers,0,1,A,11,10,3,3,2425,1642.6585414982799,1398.094738814576,0.0,1.0,0.8372736394107773
2024-11-01,Lille,Lyon,1,1,D,14,14,2,3,2425,1607.466393025841,1578.011187477239,0.0,0.0,0.598643523970286
2024-11-02,Paris SG,Lens,1,0,H,18,13,8,2,2425,1729.4996981565876,1587.5394951074309,0.0,0.0,0.7402843763774382
2024-11-02,Brest,Nice,0,1,A,16,12,6,3,2425,1555.4673911769519,1561.3663587175677,0.0,0.0,0.5489183456031009
2024-11-02,St Etienne,Strasbourg,2,0,H,13,9,3,3,2425,1386.6460875775895,1494.6459156789415,1.0,0.0,0.4033710648368695
2024-11-03,Toulouse,Reims,1,0,H,13,13,6,2,2425,1469.6601480585182,1514.5216636221783,0.0,0.0,0.4930041732780868
2024-11-03,Auxerre,Rennes,4,0,H,16,7,8,4,2425,1407.7060474389707,1527.2888525899032,1.0,0.0,0.387432986134192
2024-11-03,Le Havre,Montpellier,1,0,H,12,15,4,1,2425,1383.4623318058198,1446.1945147049798,0.0,0.0,0.4673323612616372
2024-11-03,Nantes,Marseille,1,2,A,7,9,3,4,2425,1421.905201141286,1577.7388577040522,0.0,0.0,0.3392155089022103
2024-11-08,Marseille,Auxerre,1,3,A,19,10,5,6,2425,1584.5231678820965,1419.9573877162868,0.0,1.0,0.7645115543865778
2024-11-09,Strasbourg,Monaco,1,3,A,5,19,2,8,2425,1482.7133369756789,1625.9130687100644,0.0,0.0,0.3557026051701613
2024-11-09,Lens,Nantes,3,2,H,15,9,3,3,2425,1582.3451826349797,1415.1208909632417,0.0,0.0,0.7672555599499874
2024-11-09,Angers,Paris SG,2,4,A,10,26,3,12,2425,1414.8402116027914,1734.6940106290388,1.0,0.0,0.16645426778455263
2024-11-10,Nice,Lille,2,2,D,17,13,5,6,2425,1572.3447256296297,1605.4935225464353,0.0,0.0,0.5098583960171933
2024-11-10,Le Havre,Reims,0,3,A,10,18,3,7,2425,1394.115684580587,1504.38174708774,0.0,0.0,0.4002354961890774
2024-11-10,Montpellier,Brest,3,1,H,14,19,8,6,2425,1435.5411619302126,1544.4890242648898,0.0,0.0,0.40205838524020077
2024-11-10,Rennes,Toulouse,0,2,A,7,9,1,2,2425,1515.037512312587,1479.8000645929565,0.0,0.0,0.6066140495333893
2024-11-10,Lyon,St Etienne,1,0,H,17,10,7,6,2425,1579.9840579566446,1398.578666280852,0.0,1.0,0.7815141299817358
2024-11-22,Monaco,Brest,3,2,H,10,12,4,4,2425,1633.0271208134677,1532.5301919696938,0.0,0.0,0.691846342270662
2024-11-22,Paris SG,Toulouse,3,0,H,17,11,8,2,2425,1738.0230959847297,1491.9323455836243,0.0,0.0,0.8384676737390004
2024-11-23,Lens,Marseille,1,3,A,16,7,7,4,2425,1587.0000714359799,1569.2329367943648,0.0,0.0,0.5823758970391906
2024-11-23,St Etienne,Montpellier,1,0,H,11,11,4,3,2425,1394.2089488804868,1447.4999942254087,1.0,0.0,0.48088197320520826
2024-11-23,Reims,Lyon,1,1,D,14,13,6,7,2425,1512.3864570115215,1584.35377535701,0.0,0.0,0.4541247135694424
2024-11-24,Lille,Rennes,1,0,H,5,4,2,1,2425,1605.6906904667792,1502.9052313219192,0.0,0.0,0.6946478178748975
2024-11-24,Auxerre,Angers,1,0,H,10,10,6,5,2425,1435.2476188040184,1411.5111262471005,1.0,1.0,0.590708910119103
2024-11-24,Nantes,Le Havre,0,2,A,18,7,4,5,2425,1410.4660021622415,1386.1109746568054,0.0,0.0,0.5915694778358943
2024-11-24,Nice,Strasbourg,2,1,H,15,10,5,3,2425,1572.1475577092858,1475.5992848722756,0.0,0.0,0.6869793442003755
2024-11-29,Reims,Lens,0,2,A,16,11,3,6,2425,1513.3039627401326,1575.3525534951962,0.0,0.0,0.4683120547022859
2024-11-30,Rennes,St Etienne,5,0,H,18,2,9,0,2425,1496.7981876794172,1404.5913094163827,0.0,1.0,0.6815803475508841
2024-11-30,Brest,Strasbourg,3,1,H,11,12,8,4,2425,1526.367118815107,1469.3388717562832,0.0,0.0,0.636114538730544
2024-11-30,Paris SG,Nantes,1,1,D,24,5,10,2,2425,1741.2537425099497,1398.6346126055237,0.0,0.0,0.9004767232890191
2024-12-01,Montpellier,Lille,2,2,D,11,13,5,4,2425,1437.1176336895128,1611.7977341092812,0.0,0.0,0.31533783322292425
2024-12-01,Le Havre,Angers,0,1,A,5,12,1,3,2425,1397.9423642135232,1403.3253044494825,0.0,1.0,0.5496537527855259
2024-12-01,Lyon,Nice,4,1,H,16,16,8,7,2425,1583.4362696283988,1578.4079708252782,0.0,0.0,0.5644405394521642
2024-12-01,Toulouse,Auxerre,2,0,H,12,4,7,0,2425,1488.7016990584043,1443.4334406016364,0.0,1.0,0.6203051315106086
2024-12-01,Marseille,Monaco,2,1,H,9,7,4,4,2425,1580.8804547351485,1639.1901939680545,0.0,0.0,0.4736745334475244
2024-12-06,Lille,Brest,3,1,H,10,7,6,3,2425,1608.1044907737398,1533.6448280404961,0.0,0.0,0.659009376490368
2024-12-06,Auxerre,Paris SG,0,0,D,6,25,2,11,2425,1435.8395432318487,1733.2442080441692,1.0,0.0,0.18516469207527217
2024-12-07,Monaco,Toulouse,2,0,H,19,6,5,3,2425,1628.663684637005,1496.295596428192,0.0,0.0,0.7295282579479141
2024-12-07,Nice,Le Havre,2,1,H,17,12,5,2,2425,1569.6967816143215,1386.9492891578127,0.0,0.0,0.7828304313590608
2024-12-07,Angers,Lyon,0,3,A,10,16,2,10,2425,1414.318379505193,1592.1474588393555,1.0,0.0,0.31143738343218946
2024-12-08,Lens,Montpellier,2,0,H,18,7,4,4,2425,1584.718794589242,1440.8108770250542,0.0,0.0,0.7424342091572278
2024-12-08,Nantes,Rennes,1,0,H,14,5,2,3,2425,1406.6441470713041,1503.1665807283996,0.0,0.0,0.41936777269217373
2024-12-08,Strasbourg,Reims,0,0,D,7,11,2,3,2425,1462.061162530894,1503.9377216460869,0.0,0.0,0.4972994406077968
2024-12-08,St Etienne,Marseille,0,2,A,3,21,2,10,2425,1398.2229163674003,1591.406964066198,1.0,0.0,0.2928052735252022
2024-12-13,Toulouse,St Etienne,2,1,H,11,3,4,2,2425,1490.8861615871504,1392.3668108968964,0.0,1.0,0.6894140758495413
2024-12-14,Marseille,Lille,1,1,D,9,10,3,5,2425,1597.263069536702,1614.9243032439324,0.0,0.0,0.5321038420778554
2024-12-14,Auxerre,Lens,2,2,D,10,16,3,5,2425,1442.1362493903432,1589.8701104060974,1.0,0.0,0.3497437082741503
2024-12-14,Reims,Monaco,0,0,D,8,14,0,3,2425,1503.8837104582428,1634.0731194780467,0.0,0.0,0.37304587472921014
2024-12-15,Montpellier,Nice,2,2,D,20,18,8,6,2425,1435.6595612081987,1574.0401729871403,0.0,0.0,0.36208539946323864
2024-12-15,Brest,Nantes,4,1,H,13,16,8,7,2425,1526.8250155703035,1418.2567916174607,0.0,0.0,0.7016625672411195
2024-12-15,Le Havre,Strasbourg,0,3,A,11,9,1,5,2425,1382.6058977849939,1462.115173718738,0.0,0.0,0.44338540880397476
2024-12-15,Rennes,Angers,2,0,H,7,3,4,0,2425,1491.553936182243,1408.0896318365492,0.0,1.0,0.6705597185307804
2024-12-15,Paris SG,Lyon,3,1,H,13,7,6,3,2425,1726.9475018856747,1598.3762065079993,0.0,0.0,0.7251941132975187
2024-12-18,Monaco,Paris SG,2,4,A,15,17,5,12,2425,1631.534036972631,1732.4436196197244,0.0,0.0,0.4132311733132731
2025-01-03,Nice,Rennes,3,2,H,9,10,6,5,2425,1571.281880976405,1498.1427418116273,0.0,0.0,0.6572991286611315
2025-01-04,St Etienne,Reims,3,1,H,14,11,4,1,2425,1386.1550924138871,1506.4227929636586,1.0,0.0,0.3864977163893696
2025-01-04,Lille,Nantes,1,1,D,13,6,3,2,2425,1615.5663800854895,1412.2900429622832,0.0,0.0,0.8022491266586448
2025-01-04,Lyon,Montpellier,1,0,H,12,16,2,6,2425,1592.8800887739496,1438.417853218934,0.0,0.0,0.7538801168138936
2025-01-05,Angers,Brest,2,0,H,7,12,2,4,2425,1401.500826207165,1532.791764225481,1.0,0.0,0.37156404359360756
2025-01-05,Lens,Toulouse,0,1,A,14,8,1,4,2425,1586.8649845715804,1497.0978800701596,0.0,0.0,0.678524554262641
2025-01-05,Strasbourg,Auxerre,3,1,H,11,14,4,7,2425,1470.9828818948176,1445.1413752248602,0.0,1.0,0.5936353130052592
2025-01-05,Marseille,Le Havre,5,1,H,15,4,9,1,2425,1596.6209926951449,1373.7381896089144,0.0,0.0,0.81954606333096
2025-01-10,Nantes,Monaco,2,2,D,10,15,4,7,2425,1418.3350254954562,1623.2694135063655,0.0,0.0,0.27899772642087567
2025-01-10,Auxerre,Lille,0,0,D,13,13,3,5,2425,1437.0140814849653,1609.5213975523166,1.0,0.0,0.3180444283448153
2025-01-11,Brest,Lyon,2,1,H,11,10,6,3,2425,1520.2230450973532,1597.8024864376719,0.0,0.0,0.44612875443342814
2025-01-11,Reims,Nice,2,4,A,12,15,3,10,2425,1494.152747291446,1578.1358984031824,0.0,0.0,0.4370391347748162
2025-01-11,Rennes,Marseille,1,2,A,5,13,4,7,2425,1491.28872438485,1600.2300714285257,0.0,0.0,0.40206740176153516
2025-01-12,Le Havre,Lens,1,2,A,8,25,4,7,2425,1370.1291108755336,1573.2944934863276,0.0,0.0,0.2810507639110421
2025-01-12,Montpellier,Angers,1,3,A,8,21,3,8,2425,1433.4954555552117,1414.0695453352928,0.0,1.0,0.5846964287500493
2025-01-12,Toulouse,Strasbourg,1,2,A,19,8,5,2,2425,1510.6683711554124,1479.1101756347125,0.0,0.0,0.6015486692736063
2025-01-12,Paris SG,St Etienne,2,1,H,25,8,9,3,2425,1740.7082430859898,1398.4251380860997,0.0,1.0,0.9003032387639939
2025-01-17,Montpellier,Monaco,2,1,H,12,26,4,11,2425,1421.8015269802108,1618.849368034783,0.0,0.0,0.28822097512512257
2025-01-17,Lille,Nice,2,1,H,11,11,4,3,2425,1605.882286119213,1586.8766810986788,0.0,0.0,0.5841087968552959
2025-01-18,Lens,Paris SG,1,2,A,10,9,5,7,2425,1578.9155087645483,1742.70217831071,0.0,0.0,0.32903047344950104
2025-01-18,Rennes,Brest,1,2,A,22,10,9,3,2425,1483.2473763496193,1531.3004700086847,0.0,0.0,0.48841274163041903
2025-01-18,Lyon,Toulouse,0,0,D,11,13,3,4,2425,1586.7250615263404,1498.6373977699402,0.0,0.0,0.6764121328013167
2025-01-19,St Etienne,Nantes,1,1,D,12,8,2,4,2425,1396.4312028613795,1422.7550709670386,1.0,0.0,0.5196713769952396
2025-01-19,Angers,Auxerre,2,0,H,12,10,4,4,2425,1425.7634739102937,1440.653192918069,1.0,1.0,0.5360738115460801
2025-01-19,Reims,Le Havre,1,1,D,11,7,3,2,2425,1485.4119645959497,1364.5080955973128,0.0,0.0,0.7163112566368633
2025-01-19,Marseille,Strasbourg,1,1,D,18,7,3,3,2425,1608.2714194637563,1491.1411490201847,0.0,0.0,0.7118763589483234
2025-01-24,Auxerre,St Etienne,1,1,D,11,8,5,3,2425,1431.3746691489905,1396.0377753214748,1.0,1.0,0.606750648772664
2025-01-25,Monaco,Rennes,3,2,H,20,14,10,5,2425,1604.6137875372856,1473.479121517011,0.0,0.0,0.7281249984699514
2025-01-25,Strasbourg,Lille,2,1,H,11,15,7,6,2425,1495.3786761991512,1614.200110182107,0.0,0.0,0.3884736631076407
2025-01-25,Paris SG,Reims,1,1,D,18,6,7,3,2425,1749.2827877797001,1481.0857394632123,0.0,0.0,0.854969883426832
2025-01-26,Le Havre,Brest,0,1,A,11,17,1,9,2425,1368.8343207300502,1541.068724841293,0.0,0.0,0.3183852649307368
2025-01-26,Lens,Angers,1,0,H,16,2,4,0,2425,1572.3348992955582,1435.0419976793721,0.0,1.0,0.7350855573156106
2025-01-26,Nantes,Lyon,1,1,D,7,15,5,4,2425,1423.1484985069433,1583.196818870314,0.0,0.0,0.3337987173858747
2025-01-26,Toulouse,Montpellier,1,2,A,15,6,6,4,2425,1502.1656404259666,1436.0371074777083,0.0,0.0,0.6481517656044108
2025-01-26,Nice,Marseille,2,0,H,14,18,5,6,2425,1578.5588570357847,1604.0338922847898,0.0,0.0,0.52089093521361
2025-01-31,Montpellier,Lens,0,2,A,14,19,2,5,2425,1449.0001427897967,1577.633188149246,0.0,0.0,0.37514363629986347
2025-02-01,Brest,Paris SG,2,5,A,14,14,7,7,2425,1547.4364301399078,1742.1833901111636,0.0,0.0,0.2909457723026738
2025-02-01,Monaco,Auxerre,4,2,H,11,12,6,7,2425,1610.0512875678864,1429.2396561735372,0.0,1.0,0.7809299526671719
2025-02-01,Lille,St Etienne,4,1,H,29,9,13,2,2425,1601.9695834442598,1398.172788296928,0.0,1.0,0.8027239976632773
2025-02-02,Toulouse,Nice,1,1,D,15,13,4,3,2425,1489.2026051138782,1588.1410383315126,0.0,0.0,0.41598513876396376
2025-02-02,Angers,Le Havre,1,1,D,17,13,2,5,2425,1429.7437088256843,1362.4666154314355,1.0,0.0,0.6496580773494672
2025-02-02,Reims,Nantes,1,2,A,13,11,2,6,2425,1488.185137131749,1426.4725241592257,0.0,0.0,0.6423330898573041
2025-02-02,Rennes,Strasbourg,1,0,H,13,7,3,3,2425,1468.04162148641,1507.6092029369984,0.0,0.0,0.5006222999948101
2025-02-02,Marseille,Lyon,3,2,H,20,10,11,4,2425,1594.451710989062,1579.8727932180316,0.0,0.0,0.577905589827064
2025-02-07,Nantes,Brest,0,2,A,15,10,2,6,2425,1439.3191859563717,1541.6175146938542,0.0,0.0,0.4112941484311324
2025-02-07,Paris SG,Monaco,4,1,H,16,9,7,3,2425,1748.0023055572171,1614.432688514543,0.0,0.0,0.7308908418937912
2025-02-08,Nice,Lens,2,0,H,16,12,8,3,2425,1586.4607411067918,1585.1360608752434,0.0,0.0,0.5591921241142135
2025-02-08,Lille,Le Havre,1,2,A,14,14,5,6,2425,1605.9151034909942,1365.4597769784248,0.0,0.0,0.8340256134913182
2025-02-08,St Etienne,Rennes,0,2,A,9,21,3,9,2425,1394.2272682501937,1478.0291754865136,1.0,0.0,0.43729584670973437
2025-02-09,Lyon,Reims,4,0,H,15,9,9,2,2425,1571.4309050145728,1475.338475334603,0.0,0.0,0.6864147964264857
2025-02-09,Auxerre,Toulouse,2,2,D,9,7,3,3,2425,1424.8582552268806,1490.882902338599,1.0,0.0,0.4626174108730601
2025-02-09,Strasbourg,Montpellier,2,0,H,22,11,6,2,2425,1497.6216489368946,1441.4972700637993,0.0,0.0,0.6349093154111738
2025-02-09,Angers,Marseille,0,2,A,5,18,0,10,2425,1426.750547278695,1602.8935991925207,1.0,0.0,0.3135224821931105
2025-02-14,Brest,Auxerre,2,2,D,18,11,6,6,2425,1549.843397662477,1425.6059070094193,0.0,1.0,0.7201945803516603
2025-02-15,Marseille,St Etienne,5,1,H,28,7,14,2,2425,1609.164048836383,1385.481351315999,0.0,1.0,0.8202260318356914
2025-02-15,Monaco,Nantes,7,1,H,22,6,11,2,2425,1609.050505352419,1431.093302987749,0.0,0.0,0.7781059208144235
2025-02-15,Toulouse,Paris SG,0,1,A,14,20,4,6,2425,1490.1352505560603,1753.3844887193413,0.0,0.0,0.2166789420280152
2025-02-16,Montpellier,Lyon,1,4,A,11,9,4,6,2425,1434.1954563720228,1577.7026090860431,0.0,0.0,0.3552971418040196
2025-02-16,Le Havre,Nice,1,3,A,14,9,4,3,2425,1382.140289248251,1595.2768986245076,0.0,0.0,0.2695997067410894
2025-02-16,Lens,Strasbourg,0,2,A,7,13,0,5,2425,1576.3199033575277,1504.9234626286711,0.0,0.0,0.6550358480146369
2025-02-16,Reims,Angers,0,1,A,16,10,4,3,2425,1469.0667712631325,1420.4800976348326,0.0,1.0,0.624793788642294
2025-02-16,Rennes,Lille,0,2,A,4,18,0,7,2425,1486.7750924207082,1589.2345912211679,0.0,0.0,0.41106952493379073
2025-02-21,Rennes,Reims,1,0,H,26,3,5,0,2425,1478.5537019220324,1456.5708954902866,0.0,0.0,0.5882659996351518
2025-02-22,Lille,Monaco,2,1,H,9,13,6,3,2425,1597.4559817198437,1613.4883869361304,0.0,0.0,0.5344375313953755
2025-02-22,St Etienne,Angers,3,3,D,19,13,8,4,2425,1381.885871952713,1432.9759734076786,1.0,1.0,0.48404547927399233
2025-02-22,Auxerre,Marseille,3,0,H,9,8,5,2,2425,1430.0097986164526,1612.7595281996691,1.0,0.0,0.3053958102426502
2025-02-23,Nantes,Lens,3,1,H,17,14,8,4,2425,1426.6554214040375,1563.219186397235,0.0,0.0,0.36450459219834025
2025-02-23,Le Havre,Toulouse,1,4,A,11,11,3,5,2425,1376.7482951134293,1485.8016717155,0.0,0.0,0.4019123731086231
2025-02-23,Nice,Montpellier,2,0,H,16,13,6,1,2425,1600.6688927593293,1427.0895135359424,0.0,0.0,0.7737243517576834
2025-02-23,Strasbourg,Brest,0,0,D,3,12,1,2,2425,1518.0241795889638,1545.4395060554436,0.0,0.0,0.5181028847196198
2025-02-23,Lyon,Paris SG,2,3,A,14,15,7,8,2425,1584.8085519221236,1757.7180675599016,0.0,0.0,0.3175424811146897
2025-02-28,Monaco,Reims,3,0,H,23,9,9,5,2425,1604.1771375640378,1448.3362154829897,0.0,0.0,0.7553496986340295
2025-03-01,St Etienne,Nice,1,3,A,12,16,3,9,2425,1382.204962367233,1605.1944057241756,1.0,0.0,0.258578127202853
2025-03-01,Lens,Le Havre,3,4,A,20,8,7,4,2425,1550.5092782412019,1368.710047651257,0.0,0.0,0.7819009930190508
2025-03-01,Paris SG,Lille,4,1,H,26,6,11,2,2425,1764.0689171821953,1606.7672310919363,0.0,0.0,0.756900283371298
2025-03-02,Lyon,Brest,2,1,H,10,15,4,5,2425,1578.4577022998299,1545.801563749836,0.0,0.0,0.6030625841729818
2025-03-02,Angers,Toulouse,0,4,A,5,19,1,13,2425,1432.6568829931584,1493.8399191776725,1.0,0.0,0.4695528781113165
2025-03-02,Auxerre,Strasbourg,0,1,A,14,6,5,3,2425,1443.9018824115997,1517.6621218945713,1.0,0.0,0.4515674468722609
2025-03-02,Montpellier,Rennes,0,4,A,16,15,5,9,2425,1422.5640005710961,1486.7883819293293,0.0,0.0,0.4651946948473362
2025-03-02,Marseille,Nantes,2,0,H,21,8,5,2,2425,1598.867444404522,1439.3653295600707,0.0,0.0,0.7592233914171213
2025-03-07,Toulouse,Monaco,1,1,D,8,13,3,3,2425,1503.2309767398988,1609.0701435913572,0.0,0.0,0.40636793617722716
2025-03-08,Rennes,Paris SG,1,4,A,13,19,3,9,2425,1496.092275826276,1768.9309115147694,0.0,0.0,0.20745630034235252
2025-03-08,Lille,Montpellier,1,0,H,18,10,8,3,2425,1601.9052367593622,1413.2601066741495,0.0,0.0,0.7885466515775232
2025-03-08,Marseille,Lens,0,1,A,15,3,6,2,2425,1603.6829765761797,1534.8712583808208,0.0,0.0,0.65166605210065
2025-03-09,Brest,Angers,2,0,H,19,7,7,1,2425,1537.8628154332957,1423.2658254309322,0.0,1.0,0.7088761006536036
2025-03-09,Le Havre,St Etienne,1,1,D,13,12,7,3,2425,1384.348067511638,1377.033399823176,0.0,1.0,0.5676734463912803
2025-03-09,Nantes,Strasbourg,0,1,A,11,9,2,1,2425,1434.549797388413,1526.6934708320166,0.0,0.0,0.42551760936527727
2025-03-09,Reims,Auxerre,0,2,A,18,13,4,9,2425,1443.4432094556703,1434.8705334741544,0.0,1.0,0.5694498228663207
2025-03-09,Nice,Lyon,0,2,A,18,8,4,5,2425,1610.3659682682326,1586.3964506163702,0.0,0.0,0.5910331834984244
2025-03-14,Nice,Auxerre,1,1,D,20,10,6,4,2425,1598.545304598264,1446.2595299314808,0.0,1.0,0.7515480904438543
2025-03-15,Nantes,Lille,1,0,H,10,13,3,4,2425,1426.0394452011076,1606.1343037278118,0.0,0.0,0.3086473170875128
2025-03-15,Angers,Monaco,0,2,A,6,16,2,5,2425,1417.4433474440043,1607.1975023149018,1.0,0.0,0.2969103407396124
2025-03-15,Lens,Rennes,1,0,H,9,12,4,5,2425,1547.9045794228339,1491.9431498194288,0.0,0.0,0.6346918573573926
2025-03-16,Lyon,Le Havre,4,2,H,16,14,7,5,2425,1598.2171142863388,1382.9945985838124,0.0,0.0,0.8129325508155891
2025-03-16,Brest,Reims,0,0,D,11,12,0,2,2425,1543.6852934202236,1432.054212998344,0.0,0.0,0.7053401780636348
2025-03-16,Montpellier,St Etienne,0,2,A,13,11,3,6,2425,1409.0310397056999,1378.3868687510017,0.0,1.0,0.6002868686950814
2025-03-16,Strasbourg,Toulouse,2,1,H,10,11,3,7,2425,1535.203823019322,1505.1036180163542,0.0,0.0,0.5995352964710533
2025-03-16,Paris SG,Marseille,3,1,H,16,11,5,2,2425,1773.0800375216165,1590.6496555341666,0.0,0.0,0.782519934576378
2025-03-28,Strasbourg,Lyon,4,2,H,14,16,7,11,2425,1543.213117089901,1601.9584632700269,0.0,0.0,0.47304942406214806
2025-03-29,Reims,Marseille,3,1,H,7,20,5,8,2425,1436.1610165596167,1586.300054225694,0.0,0.0,0.3466015527075116
2025-03-29,St Etienne,Paris SG,1,6,A,11,22,2,10,2425,1390.3926061249033,1777.429638830089,1.0,0.0,0.11944401454526045
2025-03-29,Monaco,Nice,2,1,H,17,9,6,4,2425,1613.135709129694,1593.514342789387,0.0,0.0,0.5849696155107574
2025-03-30,Toulouse,Brest,2,4,A,17,10,4,5,2425,1497.0943239457752,1539.578489858951,0.0,0.0,0.4964250587947156
2025-03-30,Angers,Rennes,0,3,A,9,14,4,6,2425,1411.505140629212,1484.6369869665766,1.0,0.0,0.4524634481064916
2025-03-30,Auxerre,Montpellier,1,0,H,21,12,6,1,2425,1451.2904917403578,1397.0253023317982,1.0,0.0,0.6324249518263269
2025-03-30,Le Havre,Nantes,3,2,H,16,7,5,2,2425,1379.2532496001243,1439.8664988593573,0.0,0.0,0.4703699076622741
2025-03-30,Lille,Lens,1,0,H,11,5,5,2,2425,1592.307250069562,1555.210742275686,0.0,0.0,0.6091648769067436
2025-04-04,Nice,Nantes,1,2,A,21,8,9,4,2425,1585.2137350996022,1429.273897012603,0.0,0.0,0.7554549076435896
2025-04-05,Paris SG,Angers,1,0,H,20,5,6,0,2425,1779.8185191209943,1402.4558716670822,0.0,1.0,0.9170202175256297
2025-04-05,Brest,Monaco,2,1,H,13,10,4,3,2425,1549.5069910348452,1621.4363168194789,0.0,0.0,0.4541789295342212
2025-04-05,Lyon,Lille,2,1,H,10,10,4,4,2425,1591.41945175127,1600.1239525314272,0.0,0.0,0.5449164309703121
2025-04-06,Lens,St Etienne,1,0,H,20,8,5,3,2425,1547.3940398138209,1388.003725833998,0.0,1.0,0.7591057237407826
2025-04-06,Montpellier,Le Havre,0,2,A,14,13,6,4,2425,1389.6738013683248,1389.845851446879,0.0,0.0,0.5570672730362101
2025-04-06,Reims,Strasbourg,0,1,A,14,13,7,4,2425,1449.2289855054664,1553.752128608658,0.0,0.0,0.4081967196716466
2025-04-06,Rennes,Auxerre,0,1,A,18,11,5,3,2425,1493.6862559287065,1458.6419927038312,0.0,1.0,0.6063486435420868
2025-04-06,Marseille,Toulouse,3,2,H,9,8,4,3,2425,1573.2320852798443,1487.1658227698808,0.0,0.0,0.6738600230305131
2025-04-11,Lens,Reims,0,2,A,37,10,14,2,2425,1552.2119253390051,1441.0650511120334,0.0,0.0,0.7047605439447493
2025-04-12,Monaco,Marseille,3,0,H,15,8,10,4,2425,1610.5198954101634,1579.7548848192341,0.0,0.0,0.6004537632058098
2025-04-12,Toulouse,Lille,1,2,A,10,6,5,3,2425,1480.643023230491,1591.0222811508334,0.0,0.0,0.4000790904655156
2025-04-12,Strasbourg,Nice,2,2,D,11,23,4,6,2425,1561.916063002091,1570.1046369467304,0.0,0.0,0.5456528188383389
2025-04-13,St Etienne,Brest,3,3,D,9,14,4,6,2425,1383.1858403088138,1560.4234124441607,1.0,0.0,0.3121680318096009
2025-04-13,Angers,Montpellier,2,0,H,10,4,4,1,2425,1400.796276017595,1378.5324559076007,1.0,0.0,0.5886577519186041
2025-04-13,Le Havre,Rennes,1,5,A,11,10,2,6,2425,1400.987196907603,1481.5592830578648,0.0,0.0,0.4418760390355009
2025-04-13,Auxerre,Lyon,1,3,A,14,13,3,7,2425,1470.7689655746728,1600.5211231318638,1.0,0.0,0.37363475030833937
2025-04-18,Rennes,Nantes,2,1,H,19,4,5,1,2425,1490.396803838575,1444.3829951654748,0.0,0.0,0.6213154257051773
2025-04-19,Paris SG,Le Havre,2,1,H,18,9,11,1,2425,1781.4781147704816,1392.149676126893,0.0,0.0,0.9221133188601344
2025-04-19,Monaco,Strasbourg,0,0,D,12,5,4,2,2425,1618.510820146047,1561.0030066253244,0.0,0.0,0.6367533037010005
2025-04-19,Marseille,Montpellier,5,1,H,18,6,8,1,2425,1571.7639600833504,1370.3056109459728,0.0,0.0,0.8005836203442046
2025-04-20,Lille,Auxerre,3,1,H,15,7,9,3,2425,1599.0238629601436,1463.296270568506,0.0,1.0,0.7333271586198679
2025-04-20,Brest,Lens,1,3,A,11,17,5,9,2425,1556.6667730803526,1538.1167144601102,0.0,0.0,0.5834716238792449
2025-04-20,Nice,Angers,2,1,H,22,5,8,2,2425,1571.017693323497,1409.0231209792228,0.0,1.0,0.7618364409827554
2025-04-20,Reims,Toulouse,1,0,H,8,18,2,6,2425,1455.1602619909283,1472.6414414211808,0.0,0.0,0.5323618841516182
2025-04-20,St Etienne,Lyon,2,1,H,18,14,6,2,2425,1386.9424796726219,1607.9938181380305,1.0,0.0,0.2607227798770372
2025-04-22,Nantes,Paris SG,1,1,D,8,10,2,5,2425,1436.8093036795783,1783.035848393279,0.0,0.0,0.1464422946715067
2025-04-25,Paris SG,Nice,1,3,A,32,7,13,3,2425,1775.9646942867091,1575.780964503842,0.0,0.0,0.799409640438755
2025-04-26,Strasbourg,St Etienne,3,1,H,18,17,7,6,2425,1563.7380726993445,1401.728024075081,0.0,1.0,0.7618526049960435
2025-04-26,Le Havre,Monaco,1,1,D,9,19,3,7,2425,1390.5919425040956,1615.775754072027,0.0,0.0,0.2561638106202595
2025-04-26,Lyon,Rennes,4,1,H,14,10,8,4,2425,1593.2082737355713,1497.9704953244714,0.0,0.0,0.6853548487107126
2025-04-27,Angers,Lille,0,2,A,6,9,3,5,2425,1404.259849798878,1604.3573197877463,1.0,0.0,0.28463298921179997
2025-04-27,Lens,Auxerre,0,4,A,16,12,5,8,2425,1549.786146937695,1457.9628137409034,0.0,1.0,0.6811009862275793
2025-04-27,Montpellier,Reims,0,0,D,12,8,2,3,2425,1366.317283352857,1464.5130243078959,0.0,0.0,0.4170241534118434
2025-04-27,Nantes,Toulouse,0,0,D,11,6,3,3,2425,1443.880457786148,1463.2886791042133,0.0,0.0,0.529599302089409
2025-04-27,Marseille,Brest,4,1,H,11,9,7,4,2425,1575.7522876764663,1544.9973406027677,0.0,0.0,0.6004398651313334
2025-05-02,Nice,Reims,1,0,H,8,16,2,3,2425,1591.769157312617,1462.8535073761327,0.0,0.0,0.7255889775974532
2025-05-03,Strasbourg,Paris SG,2,1,H,9,20,2,4,2425,1568.5010205994236,1759.976501477934,0.0,0.0,0.2948460149649355
2025-05-03,Toulouse,Rennes,2,1,H,9,15,3,6,2425,1463.8806651460015,1491.6775922986856,0.0,0.0,0.5175544154780068
2025-05-03,St Etienne,Monaco,1,3,A,11,12,1,6,2425,1396.965076175002,1610.8990302844322,1.0,0.0,0.2686968426272156
2025-05-04,Nantes,Angers,0,1,A,8,14,3,2,2425,1443.2884717443599,1398.567190014642,0.0,1.0,0.6195632597674099
2025-05-04,Auxerre,Le Havre,1,2,A,4,11,1,5,2425,1471.584833465455,1395.4686662916904,1.0,0.0,0.6611489196233331
2025-05-04,Brest,Montpellier,1,0,H,16,6,5,1,2425,1537.0061379053943,1367.9768002846201,0.0,0.0,0.7691059150090934
2025-05-04,Lyon,Lens,1,2,A,18,8,4,3,2425,1599.501176761357,1536.1641272131435,0.0,0.0,0.6444785315263347
2025-05-04,Lille,Marseille,1,1,D,5,13,1,6,2425,1610.0499795719822,1583.7434903738397,0.0,0.0,0.5942808467173628
2025-05-10,Angers,Strasbourg,2,1,H,5,15,2,3,2425,1410.9584552099902,1582.6041003001249,1.0,0.0,0.3191212215013811
2025-05-10,Auxerre,Nantes,1,1,D,9,7,3,2,2425,1458.3618550729882,1430.8972065490116,1.0,0.0,0.5958872949956617
2025-05-10,Brest,Lille,2,0,H,12,18,4,2,2425,1541.6240196052124,1608.164362637635,0.0,0.0,0.4618794956885506
2025-05-10,Le Havre,Marseille,1,3,A,10,22,4,5,2425,1408.6916446841572,1585.629107308187,0.0,0.0,0.31253909432134286
2025-05-10,Monaco,Lyon,2,0,H,11,9,5,4,2425,1616.2729671369766,1586.6116061308303,0.0,0.0,0.5989286246216815
2025-05-10,Montpellier,Paris SG,1,4,A,9,10,4,8,2425,1363.358918584802,1745.8734217772328,0.0,0.0,0.12220941381566726
2025-05-10,Reims,St Etienne,0,2,A,19,9,3,4,2425,1457.3652869280818,1391.5911393224576,0.0,1.0,0.647686399594763
2025-05-10,Rennes,Nice,2,0,H,10,14,4,6,2425,1482.0286806082456,1597.2573777606679,0.0,0.0,0.3933979710499634
2025-05-10,Toulouse,Lens,1,1,D,9,12,6,2,2425,1473.5295768364415,1549.0536978436703,0.0,0.0,0.4490540925952869
2025-05-17,Lens,Monaco,4,0,H,15,6,5,4,2425,1548.034779695576,1624.294394644543,0.0,0.0,0.4480068480599958
2025-05-17,Lille,Reims,2,1,H,21,5,5,2,2425,1597.4019525514059,1444.4115589361866,0.0,0.0,0.7523046892422007
2025-05-17,Lyon,Angers,2,0,H,21,13,4,3,2425,1578.590178623264,1424.5760307799626,0.0,1.0,0.7534012089432881
2025-05-17,Marseille,Rennes,4,2,H,17,9,10,3,2425,1591.879889194614,1494.1607211872463,0.0,0.0,0.688426921478362
2025-05-17,Nantes,Montpellier,3,0,H,18,9,6,0,2425,1432.8149524489247,1360.9147303084887,0.0,0.0,0.655690848090184
2025-05-17,Nice,Brest,6,0,H,18,10,9,1,2425,1585.1253371816672,1552.3864296914414,0.0,0.0,0.6031766317809
2025-05-17,Paris SG,Auxerre,3,1,H,21,7,9,2,2425,1748.317610053546,1456.444109173075,0.0,1.0,0.8710660377690986
2025-05-17,St Etienne,Toulouse,2,3,A,18,17,7,9,2425,1404.5448673143528,1474.5484949845359,1.0,0.0,0.45692832607673195
2025-05-17,Strasbourg,Le Havre,2,3,A,6,10,4,5,2425,1568.9865247301525,1402.4408627977302,0.0,0.0,0.76655722939097
2025-08-15,Rennes,Marseille,1,0,H,12,24,5,2,2526,1487.9292596168136,1598.1113507650466,0.0,0.0,0.40035153524218187
2025-08-16,Lens,Lyon,0,1,A,18,11,5,3,2526,1559.074642734376,1583.5221544443982,0.0,0.0,0.5223668923222178
2025-08-16,Monaco,Le Havre,3,1,H,13,9,3,4,2526,1613.2545316057428,1417.7720073855496,0.0,0.0,0.7950349134447233
2025-08-16,Nice,Toulouse,0,1,A,13,10,2,2,2526,1593.0618045460492,1483.6870615060704,0.0,0.0,0.7026335224651403
2025-08-17,Brest,Lille,3,3,D,18,10,5,6,2526,1544.4499623270594,1602.3558587665618,0.0,0.0,0.4742541340635296
2025-08-17,Angers,Paris FC,1,0,H,8,17,2,7,2526,1419.6440549588283,1400.0,0.0,1.0,0.5850013237503775
2025-08-17,Auxerre,Lorient,1,0,H,7,14,3,3,2526,1453.865429928457,1400.0,0.0,1.0,0.6318898435575865
2025-08-17,Metz,Strasbourg,0,1,A,2,9,0,4,2526,1400.0,1553.6553801423331,1.0,0.0,0.34203178347218577
2025-08-17,Nantes,Paris SG,0,1,A,6,18,0,4,2526,1439.701135487121,1750.8962892981642,0.0,0.0,0.17348530533838877
2025-08-22,Paris SG,Angers,1,0,H,21,3,4,0,2526,1754.365995404932,1427.9440284838208,0.0,0.0,0.8918032682787524
2025-08-23,Marseille,Paris FC,5,2,H,12,8,7,4,2526,1586.1183814698902,1391.7000264750075,0.0,1.0,0.7940348748729323
2025-08-23,Nice,Auxerre,3,1,H,16,12,6,8,2526,1579.0091340967465,1461.2276330573052,0.0,0.0,0.712644655061756
2025-08-23,Lyon,Metz,3,0,H,13,11,8,2,2526,1593.9694922908425,1393.1593643305562,0.0,1.0,0.7999872262682288
2025-08-24,Lorient,Rennes,4,0,H,22,5,7,1,2526,1392.6377968711517,1499.92222891197,1.0,0.0,0.40436254387180315
2025-08-24,Le Havre,Lens,1,2,A,18,6,6,3,2526,1413.6727056544441,1548.6273048879318,0.0,0.0,0.3666529876317839
2025-08-24,Strasbourg,Nantes,1,0,H,15,9,4,2,2526,1560.496015811777,1436.2314293803533,0.0,0.0,0.7202260106413055
2025-08-24,Toulouse,Brest,2,0,H,6,16,3,2,2526,1497.7397319553731,1544.9648796457889,0.0,0.0,0.48960367526377924
2025-08-24,Lille,Monaco,1,0,H,18,6,1,1,2526,1601.8409414478324,1617.3538333368483,0.0,0.0,0.535181547359072
2025-08-29,Lens,Brest,3,1,H,30,9,10,2,2526,1555.9603646405676,1534.7569531510644,0.0,0.0,0.5871788857299787
2025-08-30,Lorient,Lille,1,7,A,6,20,2,11,2526,1404.5505459937158,1611.137310500651,1.0,0.0,0.2770883711349614
2025-08-30,Nantes,Auxerre,1,0,H,4,14,3,4,2526,1430.6359495931795,1455.4805261585402,0.0,0.0,0.521796584633352
2025-08-30,Toulouse,Paris SG,3,6,A,14,13,6,8,2526,1507.9476584500976,1756.529930039357,0.0,0.0,0.23135141211883783
2025-08-31,Angers,Rennes,1,1,D,10,15,7,7,2526,1425.7800938493958,1488.009479789406,0.0,0.0,0.4680529231201826
2025-08-31,Le Havre,Nice,3,1,H,12,7,8,3,2526,1406.3396459018084,1584.7562409955115,0.0,0.0,0.31071259356008296
2025-08-31,Monaco,Strasbourg,3,2,H,12,12,4,4,2526,1608.0574642840297,1566.0914955989508,0.0,0.0,0.615817758060595
2025-08-31,Paris FC,Metz,3,2,H,24,14,9,2,2526,1387.580723972466,1389.1591088559207,1.0,1.0,0.5550688466730379
2025-08-31,Lyon,Marseille,1,0,H,17,5,5,2,2526,1597.969747765478,1590.2376839724316,0.0,0.0,0.5682630277724259
2025-09-12,Marseille,Lorient,4,0,H,15,4,8,1,2526,1581.60294452788,1399.0087785710166,0.0,1.0,0.7826803426625426
2025-09-13,Nice,Nantes,1,0,H,19,14,8,3,2526,1570.9704928667131,1440.2000179005124,0.0,0.0,0.7277097884907798
2025-09-13,Auxerre,Monaco,1,2,A,9,13,2,3,2526,1445.9164578512073,1615.7411091228178,0.0,0.0,0.3214031913305659
2025-09-14,Lille,Toulouse,2,1,H,20,9,5,4,2526,1616.6790779233502,1503.3206302077208,0.0,0.0,0.7074025667762589
2025-09-14,Brest,Paris FC,1,2,A,23,7,8,4,2526,1526.500530865664,1396.4793470390052,0.0,1.0,0.7268542833406202
2025-09-14,Metz,Angers,1,1,D,9,11,5,4,2526,1380.2604857893816,1426.4190353869922,1.0,0.0,0.49113806281408673
2025-09-14,Paris SG,Lens,2,0,H,14,11,6,3,2526,1761.1569582817338,1564.216786925968,0.0,0.0,0.7963988615185797
2025-09-14,Strasbourg,Le Havre,1,0,H,9,10,7,1,2526,1558.4078507601628,1420.1253940306067,0.0,0.0,0.7361933458134975
2025-09-14,Rennes,Lyon,3,1,H,23,8,5,5,2526,1487.3705382518096,1606.6044872100294,0.0,0.0,0.3879096918663535
2025-09-19,Lyon,Angers,1,0,H,16,10,5,2,2526,1594.3626810473565,1426.2417966432738,0.0,0.0,0.768175947366659
2025-09-20,Nantes,Rennes,2,2,D,16,8,4,4,2526,1434.754213670328,1499.6123444144825,0.0,0.0,0.46428719181214695
2025-09-20,Brest,Nice,4,1,H,11,21,5,4,2526,1511.9634451988516,1576.4162970968976,0.0,0.0,0.46486750755846484
2025-09-20,Lens,Lille,3,0,H,15,17,6,3,2526,1560.1447641563398,1622.531026587825,0.0,0.0,0.46782808787352703
2025-09-21,Paris FC,Strasbourg,2,3,A,18,8,6,4,2526,1411.0164327058176,1563.6839838438927,1.0,0.0,0.34331263257744654
2025-09-21,Auxerre,Toulouse,1,0,H,6,13,1,3,2526,1439.488394024596,1497.468681543246,0.0,0.0,0.47414736172539673
2025-09-21,Le Havre,Lorient,1,1,D,13,8,2,4,2526,1414.8492609468767,1394.6623854242675,0.0,1.0,0.5857597264325103
2025-09-21,Monaco,Metz,5,2,H,16,8,6,3,2526,1622.1691729494291,1380.4377245331,0.0,1.0,0.8350399966597712
2025-09-22,Marseille,Paris SG,1,0,H,9,12,2,5,2526,1585.949337674629,1765.228981051362,0.0,0.0,0.30964957492175593
2025-09-26,Strasbourg,Marseille,1,2,A,9,16,1,9,2526,1570.5502364954416,1599.756346176194,0.0,0.0,0.5155286611878152
2025-09-27,Lorient,Monaco,3,1,H,19,5,8,2,2526,1396.3775799529178,1625.4683730162337,1.0,0.0,0.2519019546076891
2025-09-27,Toulouse,Nantes,2,2,D,20,12,7,2,2526,1486.951628777754,1435.468469834085,0.0,0.0,0.6286942950094939
2025-09-27,Paris SG,Auxerre,2,0,H,15,12,8,3,2526,1751.4219725497971,1450.005446790088,0.0,0.0,0.8771109421707061
2025-09-28,Nice,Paris FC,1,1,D,11,13,5,3,2526,1565.7136472480668,1404.1501800542687,0.0,1.0,0.7613858753845563
2025-09-28,Angers,Brest,0,2,A,11,7,2,3,2526,1421.605315590607,1522.6660950476823,0.0,0.0,0.41302015234525347
2025-09-28,Lille,Lyon,0,1,A,14,5,3,2,2526,1611.8875883452954,1598.9991621000233,0.0,0.0,0.5755300564687258
2025-09-28,Metz,Le Havre,0,0,D,7,11,0,2,2526,1377.1385244662954,1413.1340664182264,1.0,0.0,0.5057626232067867
2025-09-28,Rennes,Lens,0,0,D,14,13,2,2,2526,1498.8980882507256,1570.7882023988693,0.0,0.0,0.4542348862780301
2025-10-03,Paris FC,Lorient,2,0,H,10,8,2,3,2526,1409.3778975619598,1411.339540860764,1.0,1.0,0.5545239180045856
2025-10-04,Metz,Marseille,0,3,A,4,21,1,9,2526,1377.0232720021597,1610.0669193999504,1.0,0.0,0.24763819129434606
2025-10-04,Brest,Nantes,0,0,D,17,6,5,0,2526,1530.9264980945875,1438.042355734275,0.0,0.0,0.6824258654175219
2025-10-04,Auxerre,Lens,1,2,A,18,7,2,4,2526,1447.547665633502,1569.8729001244299,0.0,0.0,0.383693075210431
2025-10-05,Lyon,Toulouse,1,2,A,13,14,3,4,2526,1610.5097632293978,1484.377742877564,0.0,0.0,0.7223869669031356
2025-10-05,Le Havre,Rennes,2,2,D,10,9,2,3,2526,1413.249318882362,1499.813390525165,0.0,0.0,0.43338726880703937
2025-10-05,Monaco,Nice,2,2,D,20,9,6,2,2526,1610.5064121083874,1560.4859297403757,0.0,0.0,0.626726665047256
2025-10-05,Strasbourg,Angers,5,0,H,18,5,12,1,2526,1560.2396632716852,1413.3449125437019,0.0,0.0,0.7457083371239509
2025-10-05,Lille,Paris SG,1,1,D,9,17,3,5,2526,1600.376987215921,1753.879753706383,0.0,0.0,0.3422295171793972
2025-10-17,Paris SG,Strasbourg,3,3,D,21,12,9,7,2526,1750.724344049971,1565.3254965292062,0.0,0.0,0.7854139475538201
2025-10-18,Nice,Lyon,3,2,H,5,29,4,7,2526,1563.020463041321,1596.062023891335,0.0,0.0,0.5100126601848456
2025-10-18,Angers,Monaco,1,1,D,16,11,3,4,2526,1408.2590792861808,1607.9718788074422,0.0,0.0,0.28508408177830324
2025-10-18,Marseille,Le Havre,6,2,H,18,8,11,3,2526,1615.0196832258373,1414.5815735062213,0.0,0.0,0.79964434825092
2025-10-19,Lens,Paris FC,2,1,H,11,9,3,3,2526,1577.5467616286385,1418.287419201868,0.0,1.0,0.7589678294618022
2025-10-19,Lorient,Brest,3,3,D,12,8,7,4,2526,1402.4300192208557,1527.277980786237,1.0,0.0,0.38026487286967825
2025-10-19,Rennes,Auxerre,2,2,D,19,7,7,4,2526,1498.4811359013058,1439.8738041292934,0.0,0.0,0.638215998870963
2025-10-19,Toulouse,Metz,4,0,H,16,2,7,2,2526,1498.8254822156268,1372.0705081762728,0.0,1.0,0.7231055459384088
2025-10-19,Nantes,Lille,0,2,A,8,23,3,5,2526,1441.6908730426253,1603.532396872333,0.0,0.0,0.33150717918206657
2025-10-24,Paris FC,Nantes,1,2,A,14,11,3,3,2526,1413.466775791104,1435.060729458984,1.0,0.0,0.5264636773809105
2025-10-25,Brest,Paris SG,0,3,A,8,18,2,8,2526,1524.8832782436307,1745.0160650988946,0.0,0.0,0.2617432360761319
2025-10-25,Monaco,Toulouse,1,0,H,14,10,5,2,2526,1603.6735604430082,1504.3633712968588,0.0,0.0,0.690388011615248
2025-10-25,Lens,Marseille,2,1,H,8,17,5,3,2526,1582.3674050394025,1619.0267962608189,0.0,0.0,0.5048073743395515
2025-10-26,Lille,Metz,6,1,H,23,10,12,4,2526,1610.1625404559743,1366.532619095041,0.0,1.0,0.83653986963751
2025-10-26,Angers,Lorient,2,0,H,7,23,4,4,2526,1412.5573976506148,1404.824721763462,0.0,1.0,0.5682638922275108
2025-10-26,Auxerre,Le Havre,0,1,A,14,9,3,4,2526,1442.6381241067127,1410.5744604712397,0.0,0.0,0.6022458845644783
2025-10-26,Rennes,Nice,1,2,A,19,8,7,3,2526,1495.7168159238865,1572.820209837624,0.0,0.0,0.4468059885064679
2025-10-26,Lyon,Strasbourg,2,1,H,8,7,3,2,2526,1586.262277095032,1571.0337754802827,0.0,0.0,0.5788174545300642
2025-10-29,Le Havre,Brest,1,0,H,13,8,3,2,2526,1422.6193781625293,1519.648413522108,0.0,0.0,0.4186578417327816
2025-10-29,Lorient,Paris SG,1,1,D,5,15,2,8,2526,1396.1899996080124,1750.2509298204172,1.0,0.0,0.14089453725814657
2025-10-29,Metz,Lens,2,0,H,16,10,7,2,2526,1363.2634164877911,1592.2712575526114,1.0,0.0,0.2519919507831468
2025-10-29,Nice,Lille,2,0,H,8,21,4,4,2526,1581.7563296077533,1613.431743063224,0.0,0.0,0.5119777510541476
2025-10-29,Marseille,Angers,2,2,D,11,12,6,6,2526,1609.12294374761,1421.1921198060645,0.0,0.0,0.787860220383337
2025-10-29,Nantes,Monaco,3,5,A,18,19,5,9,2526,1445.5900030066023,1609.8658002107034,0.0,0.0,0.32840916460550684
2025-10-29,Paris FC,Lyon,3,3,D,11,7,3,4,2526,1402.9375022434858,1594.6859280044307,1.0,0.0,0.2945194498240754
2025-10-29,Strasbourg,Auxerre,3,0,H,18,6,9,1,2526,1562.610124570884,1430.593206415423,0.0,0.0,0.7291291975829812
2025-10-29,Toulouse,Rennes,2,2,D,15,11,4,5,2526,1498.1711315291636,1486.7806961537572,0.0,0.0,0.5734221075911946
2025-11-01,Paris SG,Nice,1,0,H,28,5,8,2,2526,1743.0688205655802,1591.5167745866704,0.0,0.0,0.7507585919043863
2025-11-01,Monaco,Paris FC,0,1,A,10,9,1,1,2526,1616.4339835028136,1407.0471132470043,0.0,1.0,0.8077702223309385
2025-11-01,Auxerre,Marseille,0,1,A,9,6,4,2,2526,1425.1757903670828,1603.3657393399433,0.0,0.0,0.310992086210673
2025-11-02,Rennes,Strasbourg,4,1,H,13,20,6,2,2526,1488.249138305581,1568.0275406192243,0.0,0.0,0.44300310398320136
2025-11-02,Lens,Lorient,3,0,H,9,12,6,3,2526,1577.3110965682743,1403.3721088628495,0.0,1.0,0.774086564344974
2025-11-02,Lille,Angers,1,0,H,15,6,4,1,2526,1603.671298084307,1426.9493242137312,0.0,0.0,0.7768758070997803
2025-11-02,Nantes,Metz,0,2,A,16,14,4,7,2526,1439.021819714492,1378.2235774721282,0.0,1.0,0.641122933316246
2025-11-02,Toulouse,Le Havre,0,0,D,18,9,2,3,2526,1496.7026893773398,1434.2462213278736,0.0,0.0,0.643316235404427
2025-11-02,Brest,Lyon,0,0,D,13,4,3,2,2526,1508.0215703567637,1590.5763170009122,0.0,0.0,0.43906321571080764
2025-11-07,Paris FC,Rennes,0,1,A,19,10,4,3,2526,1423.2025176936231,1499.389076225917,1.0,0.0,0.44811085010915974
2025-11-08,Marseille,Brest,3,0,H,19,4,7,2,2526,1609.5855810641567,1509.2403060425477,0.0,0.0,0.6916601941104855
2025-11-08,Le Havre,Nantes,1,1,D,17,5,4,2,2526,1437.1125460359622,1426.199361048167,0.0,0.0,0.572749963939045
2025-11-08,Monaco,Lens,1,4,A,16,20,6,12,2526,1600.2785790561948,1581.8293652813747,0.0,0.0,0.583330534355514
2025-11-09,Lorient,Toulouse,1,1,D,10,6,2,2,2526,1398.853840149749,1493.8363646692512,1.0,0.0,0.42152777723471224
2025-11-09,Angers,Auxerre,2,0,H,9,12,5,5,2526,1422.4868403557268,1418.9559486428693,0.0,0.0,0.5623202271024543
2025-11-09,Metz,Nice,2,1,H,9,11,2,4,2526,1391.0460361384532,1586.5319464247582,1.0,0.0,0.2900690223454864
2025-11-09,Strasbourg,Lille,2,0,H,5,7,2,4,2526,1556.8876026988883,1608.1337819423113,0.0,0.0,0.4838210972113515
2025-11-09,Lyon,Paris SG,2,3,A,9,9,2,4,2526,1589.3575813151283,1748.0536487274924,0.0,0.0,0.335531977713916
2025-11-21,Nice,Marseille,1,5,A,15,13,7,11,2526,1572.3333268716679,1615.752377181947,0.0,0.0,0.4950797499045257
2025-11-22,Lens,Strasbourg,1,0,H,13,7,5,1,2526,1593.495975968485,1567.2111807546612,0.0,0.0,0.5942507362583574
2025-11-22,Rennes,Monaco,4,1,H,17,13,9,3,2526,1508.3512932281003,1588.6119683690845,0.0,0.0,0.44231818525567307
2025-11-22,Paris SG,Le Havre,3,0,H,31,12,11,4,2526,1754.7642882817706,1435.6575467571813,0.0,0.0,0.8876725416252322
2025-11-23,Auxerre,Lyon,0,0,D,12,16,5,7,2526,1410.2023531849184,1582.64694176085,0.0,0.0,0.31812275075098284
2025-11-23,Brest,Metz,3,2,H,20,7,7,3,2526,1503.0735099247574,1405.2446556915436,0.0,1.0,0.6885623386941956
2025-11-23,Nantes,Lorient,1,1,D,9,7,1,1,2526,1427.6543603269479,1400.4232846050547,0.0,1.0,0.5955634773369023
2025-11-23,Toulouse,Angers,0,1,A,25,6,6,2,2526,1492.2669202139455,1431.2404358136778,0.0,0.0,0.6414251775333449
2025-11-23,Lille,Paris FC,4,2,H,17,6,10,3,2526,1597.8102038865384,1414.2403006914399,0.0,1.0,0.7836341965802052
2025-11-28,Metz,Rennes,0,1,A,16,9,5,2,2526,1399.0159024654274,1519.504929522987,1.0,0.0,0.38619565905329545
2025-11-29,Monaco,Paris SG,1,0,H,10,17,5,4,2526,1577.4583320741979,1757.010837449266,0.0,0.0,0.3093139077114614
2025-11-29,Paris FC,Auxerre,1,1,D,11,11,2,3,2526,1409.912984623044,1413.8398981698988,1.0,0.0,0.5517276036969883
2025-11-29,Marseille,Toulouse,2,2,D,20,6,5,4,2526,1625.6539721800375,1479.4384166632785,0.0,0.0,0.7449662271141871
2025-11-30,Strasbourg,Brest,1,2,A,14,7,6,4,2526,1559.0961954798283,1509.3022631508736,0.0,0.0,0.6264215267645897
2025-11-30,Angers,Lens,1,2,A,7,17,5,6,2526,1444.0689393643447,1601.610961243318,0.0,0.0,0.33701469999285677
2025-11-30,Le Havre,Lille,0,1,A,14,8,7,2,2526,1433.4109975896858,1602.1375199549343,0.0,0.0,0.322783448951443
2025-11-30,Lorient,Nice,3,1,H,18,9,7,2,2526,1402.3345541517929,1562.4317318735773,1.0,0.0,0.33373617772746644
2025-11-30,Lyon,Nantes,3,0,H,20,6,8,2,2526,1579.0093967758696,1425.7430907802097,0.0,0.0,0.7526005343198674
2025-12-05,Brest,Monaco,1,0,H,12,10,4,2,2526,1521.8306936861654,1591.2720539199686,0.0,0.0,0.45773160067185364
2025-12-05,Lille,Marseille,1,0,H,5,6,2,2,2526,1608.5931889339631,1620.7546476377538,0.0,0.0,0.5399773645726321
2025-12-06,Nantes,Lens,1,2,A,10,20,4,6,2526,1420.795101466607,1608.351255243175,0.0,0.0,0.29955842159416785
2025-12-06,Toulouse,Strasbourg,1,0,H,6,3,3,0,2526,1484.3377412055622,1546.5677649445365,0.0,0.0,0.46805200900095373
2025-12-06,Paris SG,Rennes,5,0,H,20,6,9,2,2526,1743.1971156034954,1527.2288427040528,0.0,0.0,0.8135845126674813
2025-12-07,Nice,Angers,0,1,A,13,8,3,4,2526,1549.1064554281265,1437.3286453644876,0.0,0.0,0.7055156944855463
2025-12-07,Auxerre,Metz,3,1,H,14,5,7,3,2526,1414.8744502438385,1391.2919892843615,0.0,1.0,0.5904945192761363
2025-12-07,Le Havre,Paris FC,0,0,D,13,13,2,2,2526,1426.955328610657,1408.8784325491042,0.0,1.0,0.5828095158054561
2025-12-07,Lorient,Lyon,1,0,H,14,7,6,4,2526,1415.6598305972436,1583.9573860894723,1.0,0.0,0.3233234668378565
2025-12-12,Angers,Nantes,4,1,H,20,7,9,4,2526,1451.4389592541984,1414.8039330347237,0.0,0.0,0.6085322258903512
2025-12-13,Rennes,Brest,3,1,H,9,14,5,7,2526,1523.5005329574024,1532.6760616727283,0.0,0.0,0.5442439561150586
2025-12-13,Metz,Paris SG,2,3,A,9,14,5,9,2526,1383.1018796698843,1746.9254253501458,1.0,0.0,0.13422841548374512
2025-12-13,Paris FC,Toulouse,0,3,A,9,7,2,4,2526,1410.5346228652134,1494.9767010255432,1.0,0.0,0.4363892663997196
2025-12-14,Lyon,Le Havre,1,0,H,18,10,4,4,2526,1570.4238554262295,1425.299138294548,0.0,0.0,0.7437713657431724
2025-12-14,Auxerre,Lille,3,4,A,18,8,8,5,2526,1423.0645598583158,1617.7936416425105,0.0,0.0,0.2909670037704849
2025-12-14,Lens,Nice,2,0,H,15,8,5,4,2526,1614.3424236750584,1534.9961415384157,0.0,0.0,0.665301996698452
2025-12-14,Strasbourg,Lorient,0,0,D,12,10,2,2,2526,1535.9288051245555,1429.1933612604864,0.0,1.0,0.6994493549826981
2025-12-14,Marseille,Monaco,1,0,H,18,18,8,7,2526,1611.5541949292065,1580.4266859334057,0.0,0.0,0.6009542783573492
2026-01-02,Toulouse,Lens,0,3,A,8,16,2,7,2526,1503.7044863535375,1621.0363837410894,0.0,0.0,0.39051256563025477
2026-01-03,Monaco,Lyon,1,3,A,6,13,2,9,2526,1572.4457715005526,1575.548428111366,0.0,0.0,0.552900818742302
2026-01-03,Nice,Strasbourg,1,1,D,19,8,6,5,2526,1528.3021814723847,1531.9398180249016,0.0,0.0,0.5521394155054399
2026-01-03,Lille,Rennes,0,2,A,13,18,3,4,2526,1623.61298171792,1532.6156538351013,0.0,0.0,0.680067329008605
2026-01-04,Marseille,Nantes,0,2,A,11,15,4,9,2526,1619.5351093620595,1406.9745775525307,0.0,0.0,0.8105910577154027
2026-01-04,Brest,Auxerre,2,0,H,11,10,4,1,2526,1523.5609407950294,1417.2452197829061,0.0,0.0,0.6989411939329174
2026-01-04,Le Havre,Angers,2,1,H,11,9,6,3,2526,1420.1745656094113,1459.2683147363914,0.0,0.0,0.5013041968863972
2026-01-04,Lorient,Metz,1,1,D,16,8,5,2,2526,1433.1823483601404,1380.4173113602094,1.0,1.0,0.6304152097437938
2026-01-04,Paris SG,Paris FC,2,1,H,20,6,6,3,2526,1749.6099936598207,1401.806837537219,0.0,1.0,0.9031193070477019
2026-01-16,Monaco,Lorient,1,3,A,14,14,7,4,2526,1561.3877551257065,1430.5740441652645,0.0,1.0,0.7277591020988249
2026-01-16,Paris SG,Lille,3,0,H,13,7,7,4,2526,1751.5476075188667,1610.011635137748,0.0,0.0,0.7398145805913877
2026-01-17,Lens,Auxerre,1,0,H,19,5,7,0,2526,1628.8466350536944,1411.2240436615646,0.0,0.0,0.8150245084624744
2026-01-17,Toulouse,Nice,5,1,H,22,15,10,6,2526,1495.8942350409325,1527.259393162276,0.0,0.0,0.5124239784796093
2026-01-17,Angers,Marseille,2,5,A,7,23,3,11,2526,1449.2943986741193,1603.3232882077514,0.0,0.0,0.3415480780509786
2026-01-18,Strasbourg,Metz,2,1,H,14,9,6,2,2526,1532.9826063350104,1383.0256155550853,0.0,1.0,0.7490365252756027
2026-01-18,Nantes,Paris FC,1,2,A,5,10,1,3,2526,1423.1863987068389,1399.869223678173,0.0,1.0,0.5901251970520363
2026-01-18,Rennes,Le Havre,1,1,D,19,7,7,4,2526,1546.2170004152733,1430.1484816716834,0.0,0.0,0.7106211282897291
2026-01-18,Lyon,Brest,2,1,H,19,5,6,2,2526,1586.6064444862122,1529.582116916371,0.0,0.0,0.6361093161336647
2026-01-23,Auxerre,Paris SG,0,1,A,8,16,0,8,2526,1407.524533830814,1756.751315907039,0.0,0.0,0.14429665808077927
2026-01-24,Rennes,Lorient,0,2,A,22,6,5,4,2526,1542.0045778494787,1445.129226207241,0.0,1.0,0.6873840801510352
2026-01-24,Le Havre,Monaco,0,0,D,7,10,1,2,2526,1434.360904237478,1546.83257308373,0.0,0.0,0.39719163755222087
2026-01-24,Marseille,Lens,3,1,H,10,7,5,2,2526,1610.154249768771,1632.5461448844449,0.0,0.0,0.5253184269531288
2026-01-25,Nantes,Nice,1,4,A,20,7,5,4,2526,1411.3838947657982,1517.5078727318682,0.0,0.0,0.40597249430489374
2026-01-25,Brest,Toulouse,0,2,A,13,8,5,5,2526,1522.3043032390442,1505.6457554713402,0.0,0.0,0.5808230049943609
2026-01-25,Metz,Lyon,2,5,A,15,13,6,10,2526,1378.0063460605975,1593.884258163539,1.0,0.0,0.266503656913883
2026-01-25,Paris FC,Angers,0,0,D,8,7,1,1,2526,1411.6717276192137,1442.4634371130996,1.0,0.0,0.5132486932885943
2026-01-25,Lille,Strasbourg,1,4,A,20,15,6,6,2526,1604.8079267495757,1538.0018758294982,0.0,0.0,0.6490406743625469
2026-01-30,Lens,Le Havre,1,0,H,15,8,3,2,2526,1623.0525134235074,1436.4170714864335,0.0,0.0,0.7866112387526891
2026-01-31,Paris FC,Marseille,2,2,D,9,18,4,4,2526,1411.4067537534418,1619.6478812297084,1.0,0.0,0.27518481464964534
2026-01-31,Lorient,Nantes,2,1,H,5,10,4,2,2526,1458.8769078102616,1403.2644448797002,1.0,0.0,0.634225971736369
2026-01-31,Monaco,Rennes,4,0,H,14,8,6,4,2526,1544.7764058347746,1528.256896246458,0.0,0.0,0.5806281286651219
2026-02-01,Lyon,Lille,1,0,H,4,11,2,4,2526,1599.2143313018166,1591.8271132623247,0.0,0.0,0.5677759392073495
2026-02-01,Angers,Metz,1,0,H,17,5,7,0,2526,1442.7284109788716,1372.6762729223199,0.0,1.0,0.6532851510667674
2026-02-01,Nice,Brest,2,2,D,15,12,7,2,2526,1525.6273226179662,1510.687843139157,0.0,0.0,0.5784118006436716
2026-02-01,Toulouse,Auxerre,0,0,D,12,8,4,2,2526,1517.2622155712274,1404.6386006691985,0.0,0.0,0.7065262484046485
2026-02-01,Strasbourg,Paris SG,1,2,A,9,13,4,4,2526,1550.9826893167492,1759.6372490686547,0.0,0.0,0.27471037681373495
2026-02-06,Metz,Lille,0,0,D,6,16,2,1,2526,1365.7419759436552,1583.1826320464718,1.0,0.0,0.2647488454628525
2026-02-07,Lens,Rennes,3,1,H,10,14,3,1,2526,1627.3202886484537,1519.8694588197604,0.0,0.0,0.7003143485466268
2026-02-07,Brest,Lorient,2,0,H,11,13,5,2,2526,1512.2560791520305,1466.1923883755342,0.0,1.0,0.6213829834392928
2026-02-07,Nantes,Lyon,0,1,A,13,10,2,3,2526,1395.9489643144277,1607.8588125176695,0.0,0.0,0.2709925474671651
2026-02-08,Nice,Monaco,0,0,D,13,10,3,2,2526,1524.0590866050927,1553.163843261472,0.0,0.0,0.5156743779013049
2026-02-08,Angers,Toulouse,1,0,H,12,12,4,5,2526,1449.6627079575362,1513.1316906031345,0.0,0.0,0.46627669531384436
2026-02-08,Auxerre,Paris FC,0,0,D,12,8,2,4,2526,1408.7691256372914,1415.903057460449,0.0,1.0,0.547157496126846
2026-02-08,Le Havre,Strasbourg,2,1,H,15,10,7,3,2526,1432.1492962614873,1545.4884817804746,0.0,0.0,0.3959965792934591
2026-02-08,Paris SG,Marseille,5,0,H,22,9,7,3,2526,1765.1314566049293,1615.1515775227012,0.0,0.0,0.7490612919983423
2026-02-13,Rennes,Paris SG,3,1,H,13,22,4,7,2526,1513.875745790693,1770.1502307649625,0.0,0.0,0.2235710265157246
2026-02-13,Monaco,Nantes,3,1,H,12,13,6,2,2526,1553.477330819498,1390.5291133650844,0.0,0.0,0.7628310551687716
2026-02-14,Marseille,Strasbourg,2,2,D,10,12,6,4,2526,1610.132803362668,1533.4084133663437,0.0,0.0,0.6619328566303472
2026-02-14,Lille,Brest,1,1,D,20,11,5,4,2526,1578.4776089557288,1519.8284194832445,0.0,0.0,0.6382716320198825
2026-02-14,Paris FC,Lens,0,5,A,11,17,6,6,2526,1416.846207382986,1633.3140016775212,1.0,0.0,0.26584040656163804
2026-02-15,Le Havre,Toulouse,2,1,H,5,25,2,9,2526,1444.2293646756182,1502.4572245094114,0.0,0.0,0.4737920421809246
2026-02-15,Lorient,Angers,2,0,H,8,10,2,3,2526,1458.6200480443201,1460.3371740512594,1.0,0.0,0.554871595474385
2026-02-15,Metz,Auxerre,1,3,A,13,14,4,3,2526,1370.4469990343982,1407.8259757147543,1.0,0.0,0.5037718842119983
2026-02-15,Lyon,Nice,2,0,H,9,10,2,3,2526,1613.2786634670128,1523.7455990470667,0.0,0.0,0.6782306108613627
2026-02-20,Brest,Marseille,2,0,H,12,17,4,4,2526,1522.5938521236421,1606.894146230061,0.0,0.0,0.43659001795855823
2026-02-21,Lens,Monaco,2,3,A,18,10,7,5,2526,1638.630809808754,1558.2207097161227,0.0,0.0,0.6666642384929313
2026-02-21,Toulouse,Paris FC,1,1,D,23,5,10,2,2526,1491.9330653530299,1411.5293992517531,0.0,1.0,0.6666560079607157
2026-02-21,Paris SG,Metz,3,0,H,17,3,7,0,2526,1754.621651295277,1360.3715613501583,0.0,1.0,0.9241239036875114
2026-02-22,Auxerre,Rennes,0,3,A,11,12,2,7,2526,1417.9014133989942,1529.4043252603785,0.0,0.0,0.3985276110563343
2026-02-22,Angers,Lille,0,1,A,6,14,2,5,2526,1451.4346059607471,1575.7121763153311,0.0,0.0,0.38103896245999536
2026-02-22,Nantes,Le Havre,2,0,H,9,6,2,1,2526,1385.7857344684599,1454.7535238319997,0.0,0.0,0.4584083310114262
2026-02-22,Nice,Lorient,3,3,D,8,17,4,5,2526,1517.310211264294,1467.5226161348323,0.0,1.0,0.6264129897977285
2026-02-22,Strasbourg,Lyon,3,1,H,13,4,7,2,2526,1536.6470704989506,1619.7140512497856,0.0,0.0,0.43833713178630007
2026-02-27,Strasbourg,Lens,1,1,D,8,25,5,5,2526,1547.8803278632247,1625.2975250388954,0.0,0.0,0.4463595437163564
2026-02-28,Rennes,Toulouse,1,0,H,10,9,2,2,2526,1537.374877481505,1488.5999451938155,0.0,0.0,0.6250478032014455
2026-02-28,Monaco,Angers,2,0,H,10,6,4,2,2526,1571.5539944859813,1443.8138267115473,0.0,0.0,0.7242396240488056
2026-02-28,Le Havre,Paris SG,0,1,A,10,22,2,9,2526,1443.9216904522282,1756.1391732215268,0.0,0.0,0.17264308704482595
2026-03-01,Paris FC,Nice,1,0,H,16,11,6,3,2526,1414.8625194109675,1514.7819514683392,1.0,0.0,0.41461388208990974
2026-03-01,Lille,Nantes,1,0,H,9,3,3,1,2526,1583.332955564531,1396.6175678482314,0.0,0.0,0.7866884757958368
2026-03-01,Lorient,Auxerre,2,2,D,15,10,5,3,2526,1470.050875930787,1409.9308611778677,1.0,0.0,0.6402241460684297
2026-03-01,Metz,Brest,0,1,A,24,6,6,1,2526,1358.8540394239085,1533.862051764471,1.0,0.0,0.3149304399748133
2026-03-01,Marseille,Lyon,3,2,H,18,12,7,6,2526,1595.6259465892322,1608.4807938855115,0.0,0.0,0.5389857203753957
2026-03-06,Paris SG,Monaco,1,3,A,20,11,6,6,2526,1759.5920349624232,1577.0692020050053,0.0,0.0,0.7826104904721328
2026-03-07,Nantes,Angers,0,1,A,13,11,3,4,2526,1392.351337364148,1438.2986191925233,0.0,0.0,0.4914420093030135
2026-03-07,Auxerre,Strasbourg,0,0,D,10,13,4,5,2526,1412.7353440992363,1548.9531369888975,0.0,0.0,0.3649660471032322
2026-03-07,Toulouse,Marseille,0,1,A,12,10,2,3,2526,1481.1009012578445,1604.8462321817242,0.0,0.0,0.3817618211718203
2026-03-08,Lens,Metz,3,0,H,24,5,7,0,2526,1624.2247159132226,1352.555430624412,0.0,1.0,0.8574307566551784
2026-03-08,Brest,Le Havre,2,0,H,11,14,2,0,2526,1540.1606605639674,1440.4688287113318,0.0,0.0,0.6908574103203547
2026-03-08,Lille,Lorient,1,1,D,12,9,2,5,2526,1587.5991860486142,1467.2463930094184,0.0,1.0,0.7156661837475224
2026-03-08,Nice,Rennes,0,4,A,14,12,2,6,2526,1503.0742291101374,1544.8739214174761,0.0,0.0,0.49741005773984504
2026-03-08,Lyon,Paris FC,1,1,D,14,14,4,4,2526,1599.2605082930195,1426.5702417691693,0.0,1.0,0.7728270376390672
2026-03-13,Marseille,Auxerre,1,0,H,16,8,3,3,2526,1612.4814686051607,1415.4360231571716,0.0,0.0,0.7964971064199802
2026-03-14,Lorient,Lens,2,1,H,6,20,3,6,2526,1471.5597166843688,1627.076100780119,1.0,0.0,0.3396250062124053
2026-03-14,Angers,Nice,0,2,A,11,12,1,8,2526,1448.1274593785836,1493.1260279553405,0.0,0.0,0.4928069778481341
2026-03-14,Monaco,Brest,2,0,H,10,13,4,1,2526,1592.721411814448,1546.3435123575603,0.0,0.0,0.6218084230319841
2026-03-15,Strasbourg,Paris FC,0,0,D,12,11,3,2,2526,1546.2524579309622,1432.0267825219507,0.0,1.0,0.7084347948036801
2026-03-15,Le Havre,Lyon,0,0,D,12,13,4,4,2526,1434.285976917739,1593.803967540238,0.0,0.0,0.33447793959914063
2026-03-15,Metz,Toulouse,3,4,A,17,19,8,6,2526,1349.7040457575156,1473.465664834408,1.0,0.0,0.3817396917005464
2026-03-15,Rennes,Lille,1,2,A,12,8,4,3,2526,1554.822122572273,1583.2858623736638,0.0,0.0,0.5165959143854831
2026-03-20,Lens,Angers,5,1,H,26,16,9,5,2526,1613.8686009043672,1438.2713198216209,0.0,0.0,0.7757515502385761
2026-03-21,Toulouse,Lorient,1,0,H,12,7,4,2,2526,1481.100458668419,1484.7672165601207,0.0,1.0,0.5520979618886102
2026-03-21,Auxerre,Brest,3,0,H,11,9,7,2,2526,1411.3659652855713,1538.7796808182,0.0,0.0,0.3767904090077169
2026-03-21,Nice,Paris SG,0,4,A,6,17,1,10,2526,1502.9821675123032,1743.9398251529806,0.0,0.0,0.23924826935444163
2026-03-22,Lyon,Monaco,1,2,A,15,21,4,7,2526,1590.4935263322209,1600.2852433538083,0.0,0.0,0.5433639961626789
2026-03-22,Marseille,Lille,1,2,A,14,11,3,4,2526,1616.551526476761,1593.6177806613734,0.0,0.0,0.5895912201160148
2026-03-22,Paris FC,Le Havre,3,2,H,15,20,4,6,2526,1436.1954784180243,1437.5964181257561,1.0,0.0,0.5553210989505764
2026-03-22,Rennes,Metz,0,0,D,25,7,8,2,2526,1544.4902042845633,1342.0692519235047,0.0,1.0,0.8014667951518846
2026-03-22,Nantes,Strasbourg,2,3,A,14,13,9,9,2526,1382.5224971780879,1542.0837620348887,0.0,0.0,0.3344224901653679
2026-04-03,Paris SG,Toulouse,3,1,H,17,5,7,1,2526,1748.7247905400693,1490.0584994306466,0.0,0.0,0.8480336722139414
2026-04-04,Strasbourg,Nice,3,1,H,16,8,6,3,2526,1548.772211838196,1498.1972021252145,0.0,0.0,0.6274731271906765
2026-04-04,Brest,Rennes,3,4,A,10,15,4,7,2526,1526.3154889983543,1538.4608683815256,0.0,0.0,0.5400003565615632
2026-04-04,Lille,Lens,3,0,H,13,5,7,1,2526,1605.4096050636938,1618.3535698995956,0.0,0.0,0.538858247084295
2026-04-05,Angers,Lyon,0,0,D,7,11,1,2,2526,1433.7863508263924,1579.6262464089673,0.0,0.0,0.3522272413270069
2026-04-05,Le Havre,Auxerre,1,1,D,10,12,3,2,2526,1428.7028401047676,1423.830157105417,0.0,0.0,0.5642202974792826
2026-04-05,Lorient,Paris FC,1,1,D,10,7,3,5,2526,1475.809175797893,1445.089056439013,1.0,1.0,0.6003917655727662
2026-04-05,Metz,Nantes,0,0,D,19,6,5,2,2526,1348.0985878265424,1375.8340473747805,1.0,0.0,0.5176427648846647
2026-04-05,Monaco,Marseille,2,1,H,7,19,3,9,2526,1611.1525232770618,1604.7597020744406,0.0,0.0,0.5663706403536932
2026-04-10,Paris FC,Monaco,4,1,H,12,19,6,5,2526,1447.0968917504683,1619.825110469988,1.0,0.0,0.31776868821980403
2026-04-10,Marseille,Metz,3,1,H,18,6,9,2,2526,1596.0871148815145,1347.745732528849,0.0,1.0,0.840214700865019
2026-04-11,Auxerre,Nantes,0,0,D,5,13,0,4,2526,1425.1145630550025,1376.186902672474,0.0,0.0,0.6252538263386693
2026-04-11,Rennes,Angers,2,1,H,15,6,7,4,2526,1549.260875512757,1436.7418059998522,0.0,0.0,0.7064014491146957
2026-04-12,Nice,Le Havre,1,1,D,15,11,5,6,2526,1490.746664669028,1427.418434155182,0.0,0.0,0.6444668995314152
2026-04-12,Toulouse,Lille,0,4,A,9,15,1,9,2526,1487.0191728749255,1614.632440122008,0.0,0.0,0.3765207073483211
2026-04-12,Lyon,Lorient,2,0,H,11,12,5,6,2526,1576.6707912355075,1473.8013404864378,0.0,1.0,0.6947503633257376
2026-04-17,Lens,Toulouse,3,2,H,41,5,13,2,2526,1609.1307348412815,1479.488758727959,0.0,0.0,0.726420683063088
2026-04-18,Lorient,Marseille,2,0,H,11,16,4,2,2526,1467.6963477529525,1599.282820864214,1.0,0.0,0.37116688453394703
2026-04-18,Angers,Le Havre,1,1,D,11,16,5,8,2526,1430.8698349821461,1430.3077721458103,0.0,0.0,0.5581097311379527
2026-04-18,Lille,Nice,0,0,D,9,5,2,1,2526,1622.1628542689743,1487.8573266783997,0.0,0.0,0.7317232503705263
2026-04-19,Monaco,Auxerre,2,2,D,15,12,6,7,2526,1606.180484234384,1422.6094865282291,0.0,0.0,0.7836352648404726
2026-04-19,Metz,Paris FC,1,3,A,13,15,6,7,2526,1344.5500265461494,1460.7415179860723,1.0,1.0,0.3920761655588772
2026-04-19,Nantes,Brest,1,1,D,17,4,4,2,2526,1378.6919791992473,1515.515481867123,0.0,0.0,0.3641583196914148
2026-04-19,Strasbourg,Rennes,0,3,A,9,26,1,9,2526,1556.2227492943825,1555.132846530463,0.0,0.0,0.5588589607948246
2026-04-19,Paris SG,Lyon,1,2,A,23,6,6,5,2526,1751.7641170957904,1582.7757839689928,0.0,0.0,0.7690639957403362
2026-04-22,Paris SG,Nantes,3,0,H,14,11,6,4,2526,1736.3828371809836,1381.408812805419,0.0,0.0,0.906671379636627
2026-04-24,Brest,Lens,3,3,D,6,25,3,7,2526,1512.7986482609513,1614.6023211800198,0.0,0.0,0.4119837831542213
2026-04-25,Lyon,Auxerre,3,2,H,12,9,6,2,2526,1598.1570638837995,1428.2821918250386,0.0,0.0,0.7699691253355463
2026-04-25,Angers,Paris SG,0,3,A,6,17,1,10,2526,1429.7076403593871,1738.2494095882512,0.0,0.0,0.1756863660857345
2026-04-25,Toulouse,Monaco,2,2,D,18,8,5,5,2526,1474.0171723892208,1600.5077789375746,0.0,0.0,0.3780390168355751
2026-04-26,Lorient,Strasbourg,2,3,A,14,11,6,5,2526,1480.2730100622737,1545.045570078486,1.0,0.0,0.4644097118967555
2026-04-26,Le Havre,Metz,4,4,D,14,12,5,5,2526,1431.4699667685693,1336.7085032349719,0.0,1.0,0.684763277705842
2026-04-26,Paris FC,Lille,0,1,A,7,10,2,4,2526,1468.5830412972498,1617.528389261564,1.0,0.0,0.34815935397445674
2026-04-26,Rennes,Nantes,2,1,H,14,24,5,8,2526,1566.3100257463595,1379.5422403981515,0.0,0.0,0.786739087027699
2026-04-26,Marseille,Nice,1,1,D,24,5,6,2,2526,1586.706158554893,1492.49179168581,0.0,0.0,0.6840830576189185
2026-05-02,Nantes,Marseille,3,0,H,17,16,6,8,2526,1375.2770221387054,1583.0244974025145,0.0,0.0,0.2757519748940708
2026-05-02,Paris SG,Lorient,2,2,D,24,5,6,3,2526,1741.7631369099659,1470.9848158243385,0.0,1.0,0.8568026451082562
2026-05-02,Metz,Monaco,1,2,A,13,15,1,3,2526,1340.4037687890886,1598.0685592742861,1.0,0.0,0.22218484168427066
2026-05-02,Nice,Lens,1,1,D,9,16,2,4,2526,1496.1734528381885,1612.8419968431042,0.0,0.0,0.391421811834663
2026-05-03,Lille,Le Havre,1,1,D,22,2,10,2,2526,1624.4915763410531,1427.7747012144525,0.0,0.0,0.796190358017058
2026-05-03,Auxerre,Angers,3,1,H,19,9,10,3,2526,1423.6815743317495,1426.1939130376725,0.0,0.0,0.5537406930176751
2026-05-03,Paris FC,Brest,4,0,H,17,10,8,1,2526,1461.6198542177606,1514.5589725978668,1.0,0.0,0.48138771578652806
2026-05-03,Strasbourg,Toulouse,1,2,A,9,16,4,6,2526,1554.3337643164211,1476.4563920525093,0.0,0.0,0.6634164918077556
2026-05-03,Lyon,Rennes,4,2,H,16,8,9,5,2526,1602.7576813770886,1570.5752440058056,0.0,0.0,0.6024096545311376
2026-05-08,Lens,Nantes,1,0,H,14,15,5,3,2526,1610.6704330797975,1389.761982640824,0.0,0.0,0.8178591391103872
2026-05-10,Angers,Strasbourg,1,1,D,11,15,4,6,2526,1417.268726898026,1541.065434480266,0.0,0.0,0.38169202129180296
2026-05-10,Auxerre,Nice,2,1,H,12,10,4,6,2526,1432.606760471396,1498.3450166014952,0.0,0.0,0.463027281945455
2026-05-10,Le Havre,Marseille,0,1,A,10,8,2,3,2526,1433.6985083747936,1568.539536900396,0.0,0.0,0.3668048173658895
2026-05-10,Metz,Lorient,0,4,A,8,14,2,7,2526,1335.9600719554032,1478.1208687265037,1.0,1.0,0.3570744062353213
2026-05-10,Monaco,Lille,0,1,A,7,7,3,2,2526,1602.5122561079716,1618.567769180712,0.0,0.0,0.534404434118822
2026-05-10,Paris SG,Brest,1,0,H,23,3,6,2,2526,1734.6270840078007,1504.1867269135973,0.0,0.0,0.8258907948453446
2026-05-10,Rennes,Paris FC,2,1,H,14,11,5,1,2526,1562.6234370964285,1471.99209990203,0.0,1.0,0.6796087640501423
2026-05-10,Toulouse,Lyon,2,1,H,14,18,6,3,2526,1489.7247218886644,1610.7094882864658,0.0,0.0,0.3855194124288852
2026-05-13,Brest,Strasbourg,1,2,A,21,10,6,5,2526,1500.7045428105043,1538.6992749061021,0.0,0.0,0.502885780446782
2026-05-13,Lens,Paris SG,0,2,A,25,10,10,3,2526,1614.3132502975898,1738.1092681108937,0.0,0.0,0.38169295837352246
2026-05-17,Brest,Angers,1,1,D,18,8,5,2,2526,1490.6468272015686,1419.63488647219,0.0,0.0,0.6545355371294111
2026-05-17,Lille,Auxerre,0,2,A,12,7,3,4,2526,1629.2558578630885,1443.3462148324868,0.0,0.0,0.7859090992121541
2026-05-17,Lorient,Le Havre,0,2,A,12,7,2,4,2526,1485.2623568512101,1426.3624120274758,1.0,0.0,0.6386048337679854
2026-05-17,Lyon,Lens,0,4,A,16,14,4,4,2526,1598.4198765350434,1606.6793911301193,0.0,0.0,0.5455515762603735
2026-05-17,Marseille,Rennes,3,1,H,27,27,11,6,2526,1575.8756332477137,1569.0312618154255,0.0,0.0,0.5670089126785676
2026-05-17,Nantes,Toulouse,0,0,D,2,2,1,1,2526,1386.1191654230317,1502.0143336400868,0.0,0.0,0.3924828156292031
2026-05-17,Nice,Metz,0,0,D,22,16,4,4,2526,1487.6055622404044,1328.8185838306968,0.0,1.0,0.758470050495254
2026-05-17,Paris FC,Paris SG,2,1,H,17,9,9,2,2526,1465.584275183033,1745.7431272783642,1.0,0.0,0.20061332441930557
2026-05-17,Strasbourg,Monaco,5,4,H,15,21,7,8,2526,1548.7569905150378,1591.824167425595,0.0,0.0,0.4955860922695603
2026-08-21,Marseille,Strasbourg,4,0,H,14,5,8,2,2627,1584.5354549941424,1558.8452686696467,0.0,0.0,0.593425165564166
2026-08-22,Lens,Auxerre,5,2,H,12,10,9,4,2627,1617.5904226553266,1459.0643968167299,0.0,0.0,0.7581947574265852
2026-08-22,Le Mans,Brest,2,2,D,8,26,5,7,2627,1400.0,1487.5561164589803,1.0,0.0,0.4319854783090589
2026-08-22,Nice,Lorient,0,0,D,14,10,1,2,2627,1482.4361612304992,1472.4902601758504,0.0,0.0,0.571386851478493
2026-08-22,Toulouse,Lyon,0,2,A,17,11,2,3,2627,1499.8639899526709,1587.508845009836,0.0,0.0,0.4318601406007088
2026-08-22,Troyes,Paris FC,0,0,D,9,10,2,1,2627,1400.0,1481.572008694647,1.0,0.0,0.4404569596064302
2026-08-23,Angers,Lille,0,2,A,20,11,2,8,2627,1422.7255972147782,1613.5376758788454,0.0,0.0,0.29564062070019986
2026-08-23,Le Havre,Monaco,0,1,A,15,15,4,7,2627,1439.1345087028355,1581.7358892709863,0.0,0.0,0.35649237535774236
2026-08-23,Rennes,Paris SG,2,2,D,9,19,3,5,2627,1560.371440068997,1729.7553937667503,0.0,0.0,0.3219567388821082
2026-08-28,Lille,Paris SG,2,2,D,9,18,4,4,2627,1619.4504882928495,1726.1945285443926,0.0,0.0,0.40511200002991754
2026-08-29,Strasbourg,Lens,2,1,H,16,17,7,7,2627,1550.71377198093,1622.4265275067949,0.0,0.0,0.45448799931577216
2026-08-29,Auxerre,Angers,1,3,A,20,15,7,6,2627,1454.2282919652616,1416.8127848007741,0.0,0.0,0.6096019829307943
2026-08-29,Brest,Toulouse,2,2,D,26,6,7,2,2627,1486.1958260251615,1491.2267871406566,0.0,0.0,0.5501552453585061
2026-08-29,Lorient,Troyes,1,2,A,15,11,6,2,2627,1473.9179972054203,1401.1908608078713,0.0,1.0,0.6567646923700855
2026-08-29,Lyon,Le Havre,1,1,D,16,12,5,4,2627,1596.1460478218503,1432.0046611956807,0.0,0.0,0.7640714470227705
2026-08-30,Paris FC,Nice,3,0,H,15,15,4,4,2627,1480.3811478867756,1481.0084242009293,0.0,0.0,0.5564205875731296
2026-08-30,Rennes,Le Mans,3,2,H,22,12,8,5,2627,1563.9323052913546,1401.3602904338188,0.0,1.0,0.7624390328728954
2026-08-30,Monaco,Marseille,2,0,H,11,13,5,2,2627,1588.8657367781411,1592.666951682859,0.0,0.0,0.5519065557640745
2026-09-03,Toulouse,Lille,0,1,A,24,10,10,6,2627,1492.2298920478268,1621.3482482922511,0.0,0.0,0.3744889974591223
2026-09-04,Lyon,Auxerre,3,1,H,21,8,7,3,2627,1590.8646188813948,1442.0362523066458,0.0,0.0,0.7478132610283482
2026-09-04,Paris SG,Monaco,1,2,A,23,4,10,2,2627,1724.296768544991,1597.8276056628597,0.0,0.0,0.722776004394641
2026-09-05,Lens,Lorient,0,1,A,17,8,6,3,2627,1611.5162874931102,1460.7827033580186,0.0,0.0,0.7498759445330243
2026-09-05,Le Havre,Brest,1,2,A,18,19,4,9,2627,1437.2860901361362,1485.1927211179914,0.0,0.0,0.48862340721238007
2026-09-05,Nice,Le Mans,1,1,D,8,8,2,3,2627,1472.136835952392,1396.6090710912767,0.0,1.0,0.6603896868689374
2026-09-06,Troyes,Strasbourg,2,6,A,27,19,6,12,2627,1414.326154655273,1561.6240119946146,1.0,0.0,0.350314718526173
2026-09-06,Angers,Rennes,1,2,A,19,17,3,5,2627,1429.00482445939,1568.6835246338967,0.0,0.0,0.3603612132482921
2026-09-06,Marseille,Paris FC,2,3,A,14,18,5,7,2627,1583.7050827981404,1489.252736135313,0.0,0.0,0.6843790414307375
2026-09-11,Rennes,Marseille,1,0,H,20,13,7,5,2627,1575.8907488988625,1570.0175019695257,0.0,0.0,0.5656359427157768
2026-09-12,Strasbourg,Monaco,1,1,D,13,12,2,3,2627,1568.630306365138,1612.2831257507526,0.0,0.0,0.4947433640174396
2026-09-12,Auxerre,Nice,1,0,H,11,12,7,4,2627,1436.9925175272128,1468.9290422150132,0.0,0.0,0.5116021907352141
2026-09-12,Le Havre,Angers,0,0,D,15,9,6,1,2627,1427.5136219918886,1421.7976001944241,0.0,0.0,0.5654135634383528
2026-09-12,Lorient,Toulouse,2,2,D,10,13,3,4,2627,1475.7802222486791,1484.7401120986442,0.0,0.0,0.5445518385268806
2026-09-12,Paris FC,Lyon,0,0,D,6,5,4,1,2627,1502.9403169639277,1595.9083536608277,0.0,0.0,0.4243579931188339
2026-09-13,Lille,Troyes,2,0,H,13,8,6,1,2627,1628.8380282414337,1407.3198602847497,0.0,1.0,0.8183813976863485
2026-09-13,Le Mans,Lens,2,2,D,13,16,5,6,2627,1399.8168648286555,1596.5187686024497,1.0,0.0,0.28862967723941324
2026-09-13,Brest,Paris SG,0,1,A,16,15,4,7,2627,1494.965189262239,1709.8412484570981,0.0,0.0,0.2676325291642552
2026-09-18,Monaco,Lens,2,1,H,9,12,6,4,2627,1612.1779930311013,1592.291362147238,0.0,0.0,0.5853402891256967
2026-09-19,Paris FC,Strasbourg,2,1,H,17,5,7,1,2627,1504.453157101551,1568.7354390847893,0.0,0.0,0.4651117738786265
2026-09-19,Angers,Troyes,2,0,H,12,19,3,3,2627,1423.1058714631913,1403.6874882384766,0.0,1.0,0.5846859073135763
2026-09-19,Le Mans,Lorient,2,1,H,11,9,7,2,2627,1404.0442712838671,1474.8891854781416,1.0,0.0,0.455726854684734
2026-09-19,Lyon,Rennes,4,0,H,15,13,9,4,2627,1594.3955135232045,1584.578030044547,0.0,0.0,0.5712058013670381
2026-09-19,Toulouse,Le Havre,3,2,H,14,18,5,7,2627,1485.6311488691817,1426.2053507231215,0.0,0.0,0.6393031503465554
2026-09-20,Auxerre,Brest,2,1,H,11,8,4,2,2627,1446.7604737125087,1489.6125386789538,0.0,0.0,0.49589564076932846
2026-09-20,Nice,Lille,2,1,H,10,21,4,8,2627,1459.1610860297174,1632.4704002877068,0.0,0.0,0.31704395039367533
2026-09-20,Marseille,Paris SG,1,2,A,12,31,4,10,2627,1561.3302208238413,1715.1938990403833,0.0,0.0,0.341761990876212
